ID;date;count;entity_ID;coordinates
1;2023-01-23T09:00:00.000000Z;11;1;
2;2023-01-23T09:01:00.000000Z;8;1;
3;2023-01-23T09:02:00.000000Z;12;1;
4;2023-01-23T09:03:00.000000Z;14;1;
5;2023-01-23T09:04:00.000000Z;20;1;
6;2023-01-23T09:05:00.000000Z;17;1;
7;2023-01-23T09:06:00.000000Z;0;1;
8;2023-01-23T09:07:00.000000Z;20;1;
9;2023-01-23T09:08:00.000000Z;12;1;
10;2023-01-23T09:09:00.000000Z;14;1;
11;2023-01-23T09:10:00.000000Z;6;1;
12;2023-01-23T09:11:00.000000Z;15;1;
13;2023-01-23T09:12:00.000000Z;11;1;
14;2023-01-23T09:13:00.000000Z;1;1;
15;2023-01-23T09:14:00.000000Z;2;1;
16;2023-01-23T09:15:00.000000Z;16;1;
17;2023-01-23T09:16:00.000000Z;14;1;
18;2023-01-23T09:17:00.000000Z;2;1;
19;2023-01-23T09:18:00.000000Z;18;1;
20;2023-01-23T09:19:00.000000Z;2;1;
21;2023-01-23T09:20:00.000000Z;17;1;
22;2023-01-23T09:21:00.000000Z;15;1;
23;2023-01-23T09:22:00.000000Z;8;1;
24;2023-01-23T09:23:00.000000Z;17;1;
25;2023-01-23T09:24:00.000000Z;15;1;
26;2023-01-23T09:25:00.000000Z;9;1;
27;2023-01-23T09:26:00.000000Z;18;1;
28;2023-01-23T09:27:00.000000Z;15;1;
29;2023-01-23T09:28:00.000000Z;2;1;
30;2023-01-23T09:29:00.000000Z;7;1;
31;2023-01-23T09:30:00.000000Z;4;1;
32;2023-01-23T09:31:00.000000Z;10;1;
33;2023-01-23T09:32:00.000000Z;19;1;
34;2023-01-23T09:33:00.000000Z;3;1;
35;2023-01-23T09:34:00.000000Z;14;1;
36;2023-01-23T09:35:00.000000Z;0;1;
37;2023-01-23T09:36:00.000000Z;4;1;
38;2023-01-23T09:37:00.000000Z;18;1;
39;2023-01-23T09:38:00.000000Z;1;1;
40;2023-01-23T09:39:00.000000Z;10;1;
41;2023-01-23T09:40:00.000000Z;2;1;
42;2023-01-23T09:41:00.000000Z;1;1;
43;2023-01-23T09:42:00.000000Z;14;1;
44;2023-01-23T09:43:00.000000Z;20;1;
45;2023-01-23T09:44:00.000000Z;9;1;
46;2023-01-23T09:45:00.000000Z;3;1;
47;2023-01-23T09:46:00.000000Z;5;1;
48;2023-01-23T09:47:00.000000Z;2;1;
49;2023-01-23T09:48:00.000000Z;14;1;
50;2023-01-23T09:49:00.000000Z;1;1;
51;2023-01-23T09:50:00.000000Z;5;1;
52;2023-01-23T09:51:00.000000Z;13;1;
53;2023-01-23T09:52:00.000000Z;16;1;
54;2023-01-23T09:53:00.000000Z;18;1;
55;2023-01-23T09:54:00.000000Z;17;1;
56;2023-01-23T09:55:00.000000Z;13;1;
57;2023-01-23T09:56:00.000000Z;11;1;
58;2023-01-23T09:57:00.000000Z;19;1;
59;2023-01-23T09:58:00.000000Z;20;1;
60;2023-01-23T09:59:00.000000Z;14;1;
61;2023-01-23T10:00:00.000000Z;16;1;
62;2023-01-23T10:01:00.000000Z;2;1;
63;2023-01-23T10:02:00.000000Z;0;1;
64;2023-01-23T10:03:00.000000Z;11;1;
65;2023-01-23T10:04:00.000000Z;20;1;
66;2023-01-23T10:05:00.000000Z;6;1;
67;2023-01-23T10:06:00.000000Z;0;1;
68;2023-01-23T10:07:00.000000Z;5;1;
69;2023-01-23T10:08:00.000000Z;11;1;
70;2023-01-23T10:09:00.000000Z;5;1;
71;2023-01-23T10:10:00.000000Z;18;1;
72;2023-01-23T10:11:00.000000Z;13;1;
73;2023-01-23T10:12:00.000000Z;10;1;
74;2023-01-23T10:13:00.000000Z;3;1;
75;2023-01-23T10:14:00.000000Z;2;1;
76;2023-01-23T10:15:00.000000Z;20;1;
77;2023-01-23T10:16:00.000000Z;6;1;
78;2023-01-23T10:17:00.000000Z;19;1;
79;2023-01-23T10:18:00.000000Z;16;1;
80;2023-01-23T10:19:00.000000Z;4;1;
81;2023-01-23T10:20:00.000000Z;19;1;
82;2023-01-23T10:21:00.000000Z;16;1;
83;2023-01-23T10:22:00.000000Z;13;1;
84;2023-01-23T10:23:00.000000Z;18;1;
85;2023-01-23T10:24:00.000000Z;8;1;
86;2023-01-23T10:25:00.000000Z;0;1;
87;2023-01-23T10:26:00.000000Z;10;1;
88;2023-01-23T10:27:00.000000Z;11;1;
89;2023-01-23T10:28:00.000000Z;17;1;
90;2023-01-23T10:29:00.000000Z;8;1;
91;2023-01-23T10:30:00.000000Z;3;1;
92;2023-01-23T10:31:00.000000Z;11;1;
93;2023-01-23T10:32:00.000000Z;12;1;
94;2023-01-23T10:33:00.000000Z;3;1;
95;2023-01-23T10:34:00.000000Z;18;1;
96;2023-01-23T10:35:00.000000Z;14;1;
97;2023-01-23T10:36:00.000000Z;7;1;
98;2023-01-23T10:37:00.000000Z;0;1;
99;2023-01-23T10:38:00.000000Z;16;1;
100;2023-01-23T10:39:00.000000Z;14;1;
101;2023-01-23T10:40:00.000000Z;15;1;
102;2023-01-23T10:41:00.000000Z;10;1;
103;2023-01-23T10:42:00.000000Z;8;1;
104;2023-01-23T10:43:00.000000Z;9;1;
105;2023-01-23T10:44:00.000000Z;10;1;
106;2023-01-23T10:45:00.000000Z;5;1;
107;2023-01-23T10:46:00.000000Z;5;1;
108;2023-01-23T10:47:00.000000Z;20;1;
109;2023-01-23T10:48:00.000000Z;7;1;
110;2023-01-23T10:49:00.000000Z;12;1;
111;2023-01-23T10:50:00.000000Z;4;1;
112;2023-01-23T10:51:00.000000Z;6;1;
113;2023-01-23T10:52:00.000000Z;9;1;
114;2023-01-23T10:53:00.000000Z;14;1;
115;2023-01-23T10:54:00.000000Z;13;1;
116;2023-01-23T10:55:00.000000Z;6;1;
117;2023-01-23T10:56:00.000000Z;7;1;
118;2023-01-23T10:57:00.000000Z;0;1;
119;2023-01-23T10:58:00.000000Z;7;1;
120;2023-01-23T10:59:00.000000Z;16;1;
121;2023-01-23T11:00:00.000000Z;6;1;
122;2023-01-23T11:01:00.000000Z;8;1;
123;2023-01-23T11:02:00.000000Z;19;1;
124;2023-01-23T11:03:00.000000Z;5;1;
125;2023-01-23T11:04:00.000000Z;17;1;
126;2023-01-23T11:05:00.000000Z;12;1;
127;2023-01-23T11:06:00.000000Z;11;1;
128;2023-01-23T11:07:00.000000Z;3;1;
129;2023-01-23T11:08:00.000000Z;15;1;
130;2023-01-23T11:09:00.000000Z;10;1;
131;2023-01-23T11:10:00.000000Z;1;1;
132;2023-01-23T11:11:00.000000Z;7;1;
133;2023-01-23T11:12:00.000000Z;10;1;
134;2023-01-23T11:13:00.000000Z;19;1;
135;2023-01-23T11:14:00.000000Z;12;1;
136;2023-01-23T11:15:00.000000Z;7;1;
137;2023-01-23T11:16:00.000000Z;18;1;
138;2023-01-23T11:17:00.000000Z;11;1;
139;2023-01-23T11:18:00.000000Z;20;1;
140;2023-01-23T11:19:00.000000Z;12;1;
141;2023-01-23T11:20:00.000000Z;17;1;
142;2023-01-23T11:21:00.000000Z;20;1;
143;2023-01-23T11:22:00.000000Z;20;1;
144;2023-01-23T11:23:00.000000Z;14;1;
145;2023-01-23T11:24:00.000000Z;3;1;
146;2023-01-23T11:25:00.000000Z;13;1;
147;2023-01-23T11:26:00.000000Z;12;1;
148;2023-01-23T11:27:00.000000Z;2;1;
149;2023-01-23T11:28:00.000000Z;18;1;
150;2023-01-23T11:29:00.000000Z;2;1;
151;2023-01-23T11:30:00.000000Z;17;1;
152;2023-01-23T11:31:00.000000Z;10;1;
153;2023-01-23T11:32:00.000000Z;0;1;
154;2023-01-23T11:33:00.000000Z;3;1;
155;2023-01-23T11:34:00.000000Z;9;1;
156;2023-01-23T11:35:00.000000Z;17;1;
157;2023-01-23T11:36:00.000000Z;8;1;
158;2023-01-23T11:37:00.000000Z;19;1;
159;2023-01-23T11:38:00.000000Z;1;1;
160;2023-01-23T11:39:00.000000Z;17;1;
161;2023-01-23T11:40:00.000000Z;0;1;
162;2023-01-23T11:41:00.000000Z;13;1;
163;2023-01-23T11:42:00.000000Z;0;1;
164;2023-01-23T11:43:00.000000Z;7;1;
165;2023-01-23T11:44:00.000000Z;19;1;
166;2023-01-23T11:45:00.000000Z;20;1;
167;2023-01-23T11:46:00.000000Z;6;1;
168;2023-01-23T11:47:00.000000Z;18;1;
169;2023-01-23T11:48:00.000000Z;0;1;
170;2023-01-23T11:49:00.000000Z;19;1;
171;2023-01-23T11:50:00.000000Z;2;1;
172;2023-01-23T11:51:00.000000Z;9;1;
173;2023-01-23T11:52:00.000000Z;14;1;
174;2023-01-23T11:53:00.000000Z;0;1;
175;2023-01-23T11:54:00.000000Z;2;1;
176;2023-01-23T11:55:00.000000Z;9;1;
177;2023-01-23T11:56:00.000000Z;18;1;
178;2023-01-23T11:57:00.000000Z;12;1;
179;2023-01-23T11:58:00.000000Z;11;1;
180;2023-01-23T11:59:00.000000Z;11;1;
181;2023-01-23T12:00:00.000000Z;4;1;
182;2023-01-23T12:01:00.000000Z;13;1;
183;2023-01-23T12:02:00.000000Z;17;1;
184;2023-01-23T12:03:00.000000Z;1;1;
185;2023-01-23T12:04:00.000000Z;1;1;
186;2023-01-23T12:05:00.000000Z;15;1;
187;2023-01-23T12:06:00.000000Z;8;1;
188;2023-01-23T12:07:00.000000Z;16;1;
189;2023-01-23T12:08:00.000000Z;17;1;
190;2023-01-23T12:09:00.000000Z;13;1;
191;2023-01-23T12:10:00.000000Z;12;1;
192;2023-01-23T12:11:00.000000Z;12;1;
193;2023-01-23T12:12:00.000000Z;18;1;
194;2023-01-23T12:13:00.000000Z;9;1;
195;2023-01-23T12:14:00.000000Z;2;1;
196;2023-01-23T12:15:00.000000Z;20;1;
197;2023-01-23T12:16:00.000000Z;15;1;
198;2023-01-23T12:17:00.000000Z;15;1;
199;2023-01-23T12:18:00.000000Z;18;1;
200;2023-01-23T12:19:00.000000Z;17;1;
201;2023-01-23T12:20:00.000000Z;18;1;
202;2023-01-23T12:21:00.000000Z;17;1;
203;2023-01-23T12:22:00.000000Z;8;1;
204;2023-01-23T12:23:00.000000Z;13;1;
205;2023-01-23T12:24:00.000000Z;8;1;
206;2023-01-23T12:25:00.000000Z;13;1;
207;2023-01-23T12:26:00.000000Z;3;1;
208;2023-01-23T12:27:00.000000Z;0;1;
209;2023-01-23T12:28:00.000000Z;3;1;
210;2023-01-23T12:29:00.000000Z;18;1;
211;2023-01-23T12:30:00.000000Z;8;1;
212;2023-01-23T12:31:00.000000Z;18;1;
213;2023-01-23T12:32:00.000000Z;5;1;
214;2023-01-23T12:33:00.000000Z;5;1;
215;2023-01-23T12:34:00.000000Z;2;1;
216;2023-01-23T12:35:00.000000Z;13;1;
217;2023-01-23T12:36:00.000000Z;3;1;
218;2023-01-23T12:37:00.000000Z;14;1;
219;2023-01-23T12:38:00.000000Z;2;1;
220;2023-01-23T12:39:00.000000Z;2;1;
221;2023-01-23T12:40:00.000000Z;10;1;
222;2023-01-23T12:41:00.000000Z;0;1;
223;2023-01-23T12:42:00.000000Z;15;1;
224;2023-01-23T12:43:00.000000Z;18;1;
225;2023-01-23T12:44:00.000000Z;0;1;
226;2023-01-23T12:45:00.000000Z;5;1;
227;2023-01-23T12:46:00.000000Z;1;1;
228;2023-01-23T12:47:00.000000Z;13;1;
229;2023-01-23T12:48:00.000000Z;10;1;
230;2023-01-23T12:49:00.000000Z;2;1;
231;2023-01-23T12:50:00.000000Z;19;1;
232;2023-01-23T12:51:00.000000Z;1;1;
233;2023-01-23T12:52:00.000000Z;6;1;
234;2023-01-23T12:53:00.000000Z;1;1;
235;2023-01-23T12:54:00.000000Z;9;1;
236;2023-01-23T12:55:00.000000Z;15;1;
237;2023-01-23T12:56:00.000000Z;2;1;
238;2023-01-23T12:57:00.000000Z;8;1;
239;2023-01-23T12:58:00.000000Z;8;1;
240;2023-01-23T12:59:00.000000Z;14;1;
241;2023-01-24T09:00:00.000000Z;14;1;
242;2023-01-24T09:01:00.000000Z;2;1;
243;2023-01-24T09:02:00.000000Z;10;1;
244;2023-01-24T09:03:00.000000Z;14;1;
245;2023-01-24T09:04:00.000000Z;12;1;
246;2023-01-24T09:05:00.000000Z;2;1;
247;2023-01-24T09:06:00.000000Z;2;1;
248;2023-01-24T09:07:00.000000Z;15;1;
249;2023-01-24T09:08:00.000000Z;11;1;
250;2023-01-24T09:09:00.000000Z;2;1;
251;2023-01-24T09:10:00.000000Z;9;1;
252;2023-01-24T09:11:00.000000Z;13;1;
253;2023-01-24T09:12:00.000000Z;16;1;
254;2023-01-24T09:13:00.000000Z;0;1;
255;2023-01-24T09:14:00.000000Z;7;1;
256;2023-01-24T09:15:00.000000Z;8;1;
257;2023-01-24T09:16:00.000000Z;9;1;
258;2023-01-24T09:17:00.000000Z;12;1;
259;2023-01-24T09:18:00.000000Z;17;1;
260;2023-01-24T09:19:00.000000Z;9;1;
261;2023-01-24T09:20:00.000000Z;19;1;
262;2023-01-24T09:21:00.000000Z;10;1;
263;2023-01-24T09:22:00.000000Z;4;1;
264;2023-01-24T09:23:00.000000Z;19;1;
265;2023-01-24T09:24:00.000000Z;17;1;
266;2023-01-24T09:25:00.000000Z;16;1;
267;2023-01-24T09:26:00.000000Z;12;1;
268;2023-01-24T09:27:00.000000Z;17;1;
269;2023-01-24T09:28:00.000000Z;5;1;
270;2023-01-24T09:29:00.000000Z;12;1;
271;2023-01-24T09:30:00.000000Z;17;1;
272;2023-01-24T09:31:00.000000Z;13;1;
273;2023-01-24T09:32:00.000000Z;6;1;
274;2023-01-24T09:33:00.000000Z;3;1;
275;2023-01-24T09:34:00.000000Z;15;1;
276;2023-01-24T09:35:00.000000Z;17;1;
277;2023-01-24T09:36:00.000000Z;10;1;
278;2023-01-24T09:37:00.000000Z;0;1;
279;2023-01-24T09:38:00.000000Z;12;1;
280;2023-01-24T09:39:00.000000Z;10;1;
281;2023-01-24T09:40:00.000000Z;7;1;
282;2023-01-24T09:41:00.000000Z;15;1;
283;2023-01-24T09:42:00.000000Z;4;1;
284;2023-01-24T09:43:00.000000Z;3;1;
285;2023-01-24T09:44:00.000000Z;11;1;
286;2023-01-24T09:45:00.000000Z;7;1;
287;2023-01-24T09:46:00.000000Z;5;1;
288;2023-01-24T09:47:00.000000Z;9;1;
289;2023-01-24T09:48:00.000000Z;17;1;
290;2023-01-24T09:49:00.000000Z;11;1;
291;2023-01-24T09:50:00.000000Z;2;1;
292;2023-01-24T09:51:00.000000Z;2;1;
293;2023-01-24T09:52:00.000000Z;13;1;
294;2023-01-24T09:53:00.000000Z;1;1;
295;2023-01-24T09:54:00.000000Z;0;1;
296;2023-01-24T09:55:00.000000Z;9;1;
297;2023-01-24T09:56:00.000000Z;0;1;
298;2023-01-24T09:57:00.000000Z;11;1;
299;2023-01-24T09:58:00.000000Z;15;1;
300;2023-01-24T09:59:00.000000Z;20;1;
301;2023-01-24T10:00:00.000000Z;7;1;
302;2023-01-24T10:01:00.000000Z;15;1;
303;2023-01-24T10:02:00.000000Z;10;1;
304;2023-01-24T10:03:00.000000Z;14;1;
305;2023-01-24T10:04:00.000000Z;0;1;
306;2023-01-24T10:05:00.000000Z;6;1;
307;2023-01-24T10:06:00.000000Z;9;1;
308;2023-01-24T10:07:00.000000Z;14;1;
309;2023-01-24T10:08:00.000000Z;18;1;
310;2023-01-24T10:09:00.000000Z;12;1;
311;2023-01-24T10:10:00.000000Z;7;1;
312;2023-01-24T10:11:00.000000Z;2;1;
313;2023-01-24T10:12:00.000000Z;2;1;
314;2023-01-24T10:13:00.000000Z;15;1;
315;2023-01-24T10:14:00.000000Z;18;1;
316;2023-01-24T10:15:00.000000Z;10;1;
317;2023-01-24T10:16:00.000000Z;18;1;
318;2023-01-24T10:17:00.000000Z;15;1;
319;2023-01-24T10:18:00.000000Z;1;1;
320;2023-01-24T10:19:00.000000Z;10;1;
321;2023-01-24T10:20:00.000000Z;5;1;
322;2023-01-24T10:21:00.000000Z;15;1;
323;2023-01-24T10:22:00.000000Z;13;1;
324;2023-01-24T10:23:00.000000Z;13;1;
325;2023-01-24T10:24:00.000000Z;2;1;
326;2023-01-24T10:25:00.000000Z;12;1;
327;2023-01-24T10:26:00.000000Z;19;1;
328;2023-01-24T10:27:00.000000Z;19;1;
329;2023-01-24T10:28:00.000000Z;12;1;
330;2023-01-24T10:29:00.000000Z;4;1;
331;2023-01-24T10:30:00.000000Z;5;1;
332;2023-01-24T10:31:00.000000Z;8;1;
333;2023-01-24T10:32:00.000000Z;5;1;
334;2023-01-24T10:33:00.000000Z;4;1;
335;2023-01-24T10:34:00.000000Z;6;1;
336;2023-01-24T10:35:00.000000Z;19;1;
337;2023-01-24T10:36:00.000000Z;2;1;
338;2023-01-24T10:37:00.000000Z;6;1;
339;2023-01-24T10:38:00.000000Z;17;1;
340;2023-01-24T10:39:00.000000Z;15;1;
341;2023-01-24T10:40:00.000000Z;16;1;
342;2023-01-24T10:41:00.000000Z;15;1;
343;2023-01-24T10:42:00.000000Z;1;1;
344;2023-01-24T10:43:00.000000Z;3;1;
345;2023-01-24T10:44:00.000000Z;16;1;
346;2023-01-24T10:45:00.000000Z;12;1;
347;2023-01-24T10:46:00.000000Z;13;1;
348;2023-01-24T10:47:00.000000Z;1;1;
349;2023-01-24T10:48:00.000000Z;3;1;
350;2023-01-24T10:49:00.000000Z;0;1;
351;2023-01-24T10:50:00.000000Z;0;1;
352;2023-01-24T10:51:00.000000Z;18;1;
353;2023-01-24T10:52:00.000000Z;3;1;
354;2023-01-24T10:53:00.000000Z;9;1;
355;2023-01-24T10:54:00.000000Z;20;1;
356;2023-01-24T10:55:00.000000Z;14;1;
357;2023-01-24T10:56:00.000000Z;9;1;
358;2023-01-24T10:57:00.000000Z;9;1;
359;2023-01-24T10:58:00.000000Z;2;1;
360;2023-01-24T10:59:00.000000Z;20;1;
361;2023-01-24T11:00:00.000000Z;15;1;
362;2023-01-24T11:01:00.000000Z;9;1;
363;2023-01-24T11:02:00.000000Z;9;1;
364;2023-01-24T11:03:00.000000Z;4;1;
365;2023-01-24T11:04:00.000000Z;19;1;
366;2023-01-24T11:05:00.000000Z;1;1;
367;2023-01-24T11:06:00.000000Z;5;1;
368;2023-01-24T11:07:00.000000Z;17;1;
369;2023-01-24T11:08:00.000000Z;10;1;
370;2023-01-24T11:09:00.000000Z;13;1;
371;2023-01-24T11:10:00.000000Z;12;1;
372;2023-01-24T11:11:00.000000Z;20;1;
373;2023-01-24T11:12:00.000000Z;0;1;
374;2023-01-24T11:13:00.000000Z;19;1;
375;2023-01-24T11:14:00.000000Z;7;1;
376;2023-01-24T11:15:00.000000Z;16;1;
377;2023-01-24T11:16:00.000000Z;0;1;
378;2023-01-24T11:17:00.000000Z;19;1;
379;2023-01-24T11:18:00.000000Z;11;1;
380;2023-01-24T11:19:00.000000Z;1;1;
381;2023-01-24T11:20:00.000000Z;15;1;
382;2023-01-24T11:21:00.000000Z;12;1;
383;2023-01-24T11:22:00.000000Z;17;1;
384;2023-01-24T11:23:00.000000Z;14;1;
385;2023-01-24T11:24:00.000000Z;9;1;
386;2023-01-24T11:25:00.000000Z;9;1;
387;2023-01-24T11:26:00.000000Z;8;1;
388;2023-01-24T11:27:00.000000Z;4;1;
389;2023-01-24T11:28:00.000000Z;6;1;
390;2023-01-24T11:29:00.000000Z;11;1;
391;2023-01-24T11:30:00.000000Z;19;1;
392;2023-01-24T11:31:00.000000Z;20;1;
393;2023-01-24T11:32:00.000000Z;0;1;
394;2023-01-24T11:33:00.000000Z;20;1;
395;2023-01-24T11:34:00.000000Z;10;1;
396;2023-01-24T11:35:00.000000Z;15;1;
397;2023-01-24T11:36:00.000000Z;17;1;
398;2023-01-24T11:37:00.000000Z;6;1;
399;2023-01-24T11:38:00.000000Z;8;1;
400;2023-01-24T11:39:00.000000Z;9;1;
401;2023-01-24T11:40:00.000000Z;11;1;
402;2023-01-24T11:41:00.000000Z;5;1;
403;2023-01-24T11:42:00.000000Z;4;1;
404;2023-01-24T11:43:00.000000Z;5;1;
405;2023-01-24T11:44:00.000000Z;15;1;
406;2023-01-24T11:45:00.000000Z;10;1;
407;2023-01-24T11:46:00.000000Z;8;1;
408;2023-01-24T11:47:00.000000Z;20;1;
409;2023-01-24T11:48:00.000000Z;7;1;
410;2023-01-24T11:49:00.000000Z;19;1;
411;2023-01-24T11:50:00.000000Z;18;1;
412;2023-01-24T11:51:00.000000Z;15;1;
413;2023-01-24T11:52:00.000000Z;7;1;
414;2023-01-24T11:53:00.000000Z;2;1;
415;2023-01-24T11:54:00.000000Z;12;1;
416;2023-01-24T11:55:00.000000Z;1;1;
417;2023-01-24T11:56:00.000000Z;7;1;
418;2023-01-24T11:57:00.000000Z;3;1;
419;2023-01-24T11:58:00.000000Z;17;1;
420;2023-01-24T11:59:00.000000Z;14;1;
421;2023-01-24T12:00:00.000000Z;19;1;
422;2023-01-24T12:01:00.000000Z;3;1;
423;2023-01-24T12:02:00.000000Z;0;1;
424;2023-01-24T12:03:00.000000Z;2;1;
425;2023-01-24T12:04:00.000000Z;3;1;
426;2023-01-24T12:05:00.000000Z;4;1;
427;2023-01-24T12:06:00.000000Z;16;1;
428;2023-01-24T12:07:00.000000Z;15;1;
429;2023-01-24T12:08:00.000000Z;10;1;
430;2023-01-24T12:09:00.000000Z;9;1;
431;2023-01-24T12:10:00.000000Z;9;1;
432;2023-01-24T12:11:00.000000Z;3;1;
433;2023-01-24T12:12:00.000000Z;2;1;
434;2023-01-24T12:13:00.000000Z;11;1;
435;2023-01-24T12:14:00.000000Z;18;1;
436;2023-01-24T12:15:00.000000Z;11;1;
437;2023-01-24T12:16:00.000000Z;12;1;
438;2023-01-24T12:17:00.000000Z;7;1;
439;2023-01-24T12:18:00.000000Z;1;1;
440;2023-01-24T12:19:00.000000Z;20;1;
441;2023-01-24T12:20:00.000000Z;19;1;
442;2023-01-24T12:21:00.000000Z;2;1;
443;2023-01-24T12:22:00.000000Z;17;1;
444;2023-01-24T12:23:00.000000Z;4;1;
445;2023-01-24T12:24:00.000000Z;11;1;
446;2023-01-24T12:25:00.000000Z;14;1;
447;2023-01-24T12:26:00.000000Z;8;1;
448;2023-01-24T12:27:00.000000Z;7;1;
449;2023-01-24T12:28:00.000000Z;9;1;
450;2023-01-24T12:29:00.000000Z;0;1;
451;2023-01-24T12:30:00.000000Z;11;1;
452;2023-01-24T12:31:00.000000Z;16;1;
453;2023-01-24T12:32:00.000000Z;2;1;
454;2023-01-24T12:33:00.000000Z;17;1;
455;2023-01-24T12:34:00.000000Z;14;1;
456;2023-01-24T12:35:00.000000Z;6;1;
457;2023-01-24T12:36:00.000000Z;5;1;
458;2023-01-24T12:37:00.000000Z;18;1;
459;2023-01-24T12:38:00.000000Z;1;1;
460;2023-01-24T12:39:00.000000Z;19;1;
461;2023-01-24T12:40:00.000000Z;3;1;
462;2023-01-24T12:41:00.000000Z;11;1;
463;2023-01-24T12:42:00.000000Z;4;1;
464;2023-01-24T12:43:00.000000Z;12;1;
465;2023-01-24T12:44:00.000000Z;19;1;
466;2023-01-24T12:45:00.000000Z;15;1;
467;2023-01-24T12:46:00.000000Z;3;1;
468;2023-01-24T12:47:00.000000Z;18;1;
469;2023-01-24T12:48:00.000000Z;12;1;
470;2023-01-24T12:49:00.000000Z;8;1;
471;2023-01-24T12:50:00.000000Z;13;1;
472;2023-01-24T12:51:00.000000Z;2;1;
473;2023-01-24T12:52:00.000000Z;9;1;
474;2023-01-24T12:53:00.000000Z;10;1;
475;2023-01-24T12:54:00.000000Z;4;1;
476;2023-01-24T12:55:00.000000Z;9;1;
477;2023-01-24T12:56:00.000000Z;17;1;
478;2023-01-24T12:57:00.000000Z;20;1;
479;2023-01-24T12:58:00.000000Z;18;1;
480;2023-01-24T12:59:00.000000Z;13;1;
481;2023-01-25T09:00:00.000000Z;1;1;
482;2023-01-25T09:01:00.000000Z;9;1;
483;2023-01-25T09:02:00.000000Z;1;1;
484;2023-01-25T09:03:00.000000Z;5;1;
485;2023-01-25T09:04:00.000000Z;20;1;
486;2023-01-25T09:05:00.000000Z;19;1;
487;2023-01-25T09:06:00.000000Z;7;1;
488;2023-01-25T09:07:00.000000Z;17;1;
489;2023-01-25T09:08:00.000000Z;14;1;
490;2023-01-25T09:09:00.000000Z;16;1;
491;2023-01-25T09:10:00.000000Z;3;1;
492;2023-01-25T09:11:00.000000Z;14;1;
493;2023-01-25T09:12:00.000000Z;10;1;
494;2023-01-25T09:13:00.000000Z;0;1;
495;2023-01-25T09:14:00.000000Z;4;1;
496;2023-01-25T09:15:00.000000Z;14;1;
497;2023-01-25T09:16:00.000000Z;5;1;
498;2023-01-25T09:17:00.000000Z;0;1;
499;2023-01-25T09:18:00.000000Z;5;1;
500;2023-01-25T09:19:00.000000Z;15;1;
501;2023-01-25T09:20:00.000000Z;9;1;
502;2023-01-25T09:21:00.000000Z;5;1;
503;2023-01-25T09:22:00.000000Z;0;1;
504;2023-01-25T09:23:00.000000Z;7;1;
505;2023-01-25T09:24:00.000000Z;17;1;
506;2023-01-25T09:25:00.000000Z;1;1;
507;2023-01-25T09:26:00.000000Z;1;1;
508;2023-01-25T09:27:00.000000Z;12;1;
509;2023-01-25T09:28:00.000000Z;1;1;
510;2023-01-25T09:29:00.000000Z;8;1;
511;2023-01-25T09:30:00.000000Z;1;1;
512;2023-01-25T09:31:00.000000Z;10;1;
513;2023-01-25T09:32:00.000000Z;6;1;
514;2023-01-25T09:33:00.000000Z;2;1;
515;2023-01-25T09:34:00.000000Z;0;1;
516;2023-01-25T09:35:00.000000Z;4;1;
517;2023-01-25T09:36:00.000000Z;20;1;
518;2023-01-25T09:37:00.000000Z;18;1;
519;2023-01-25T09:38:00.000000Z;14;1;
520;2023-01-25T09:39:00.000000Z;13;1;
521;2023-01-25T09:40:00.000000Z;2;1;
522;2023-01-25T09:41:00.000000Z;11;1;
523;2023-01-25T09:42:00.000000Z;3;1;
524;2023-01-25T09:43:00.000000Z;19;1;
525;2023-01-25T09:44:00.000000Z;10;1;
526;2023-01-25T09:45:00.000000Z;16;1;
527;2023-01-25T09:46:00.000000Z;6;1;
528;2023-01-25T09:47:00.000000Z;4;1;
529;2023-01-25T09:48:00.000000Z;5;1;
530;2023-01-25T09:49:00.000000Z;8;1;
531;2023-01-25T09:50:00.000000Z;2;1;
532;2023-01-25T09:51:00.000000Z;7;1;
533;2023-01-25T09:52:00.000000Z;17;1;
534;2023-01-25T09:53:00.000000Z;13;1;
535;2023-01-25T09:54:00.000000Z;8;1;
536;2023-01-25T09:55:00.000000Z;3;1;
537;2023-01-25T09:56:00.000000Z;12;1;
538;2023-01-25T09:57:00.000000Z;3;1;
539;2023-01-25T09:58:00.000000Z;18;1;
540;2023-01-25T09:59:00.000000Z;4;1;
541;2023-01-25T10:00:00.000000Z;6;1;
542;2023-01-25T10:01:00.000000Z;4;1;
543;2023-01-25T10:02:00.000000Z;14;1;
544;2023-01-25T10:03:00.000000Z;15;1;
545;2023-01-25T10:04:00.000000Z;3;1;
546;2023-01-25T10:05:00.000000Z;20;1;
547;2023-01-25T10:06:00.000000Z;3;1;
548;2023-01-25T10:07:00.000000Z;0;1;
549;2023-01-25T10:08:00.000000Z;16;1;
550;2023-01-25T10:09:00.000000Z;9;1;
551;2023-01-25T10:10:00.000000Z;11;1;
552;2023-01-25T10:11:00.000000Z;14;1;
553;2023-01-25T10:12:00.000000Z;10;1;
554;2023-01-25T10:13:00.000000Z;13;1;
555;2023-01-25T10:14:00.000000Z;18;1;
556;2023-01-25T10:15:00.000000Z;15;1;
557;2023-01-25T10:16:00.000000Z;11;1;
558;2023-01-25T10:17:00.000000Z;9;1;
559;2023-01-25T10:18:00.000000Z;20;1;
560;2023-01-25T10:19:00.000000Z;13;1;
561;2023-01-25T10:20:00.000000Z;11;1;
562;2023-01-25T10:21:00.000000Z;6;1;
563;2023-01-25T10:22:00.000000Z;5;1;
564;2023-01-25T10:23:00.000000Z;2;1;
565;2023-01-25T10:24:00.000000Z;3;1;
566;2023-01-25T10:25:00.000000Z;7;1;
567;2023-01-25T10:26:00.000000Z;9;1;
568;2023-01-25T10:27:00.000000Z;19;1;
569;2023-01-25T10:28:00.000000Z;14;1;
570;2023-01-25T10:29:00.000000Z;15;1;
571;2023-01-25T10:30:00.000000Z;10;1;
572;2023-01-25T10:31:00.000000Z;17;1;
573;2023-01-25T10:32:00.000000Z;14;1;
574;2023-01-25T10:33:00.000000Z;4;1;
575;2023-01-25T10:34:00.000000Z;6;1;
576;2023-01-25T10:35:00.000000Z;11;1;
577;2023-01-25T10:36:00.000000Z;1;1;
578;2023-01-25T10:37:00.000000Z;12;1;
579;2023-01-25T10:38:00.000000Z;6;1;
580;2023-01-25T10:39:00.000000Z;3;1;
581;2023-01-25T10:40:00.000000Z;10;1;
582;2023-01-25T10:41:00.000000Z;20;1;
583;2023-01-25T10:42:00.000000Z;4;1;
584;2023-01-25T10:43:00.000000Z;8;1;
585;2023-01-25T10:44:00.000000Z;20;1;
586;2023-01-25T10:45:00.000000Z;14;1;
587;2023-01-25T10:46:00.000000Z;5;1;
588;2023-01-25T10:47:00.000000Z;7;1;
589;2023-01-25T10:48:00.000000Z;19;1;
590;2023-01-25T10:49:00.000000Z;3;1;
591;2023-01-25T10:50:00.000000Z;10;1;
592;2023-01-25T10:51:00.000000Z;14;1;
593;2023-01-25T10:52:00.000000Z;20;1;
594;2023-01-25T10:53:00.000000Z;15;1;
595;2023-01-25T10:54:00.000000Z;20;1;
596;2023-01-25T10:55:00.000000Z;19;1;
597;2023-01-25T10:56:00.000000Z;4;1;
598;2023-01-25T10:57:00.000000Z;19;1;
599;2023-01-25T10:58:00.000000Z;14;1;
600;2023-01-25T10:59:00.000000Z;9;1;
601;2023-01-25T11:00:00.000000Z;15;1;
602;2023-01-25T11:01:00.000000Z;8;1;
603;2023-01-25T11:02:00.000000Z;7;1;
604;2023-01-25T11:03:00.000000Z;16;1;
605;2023-01-25T11:04:00.000000Z;0;1;
606;2023-01-25T11:05:00.000000Z;15;1;
607;2023-01-25T11:06:00.000000Z;8;1;
608;2023-01-25T11:07:00.000000Z;12;1;
609;2023-01-25T11:08:00.000000Z;16;1;
610;2023-01-25T11:09:00.000000Z;18;1;
611;2023-01-25T11:10:00.000000Z;11;1;
612;2023-01-25T11:11:00.000000Z;4;1;
613;2023-01-25T11:12:00.000000Z;11;1;
614;2023-01-25T11:13:00.000000Z;5;1;
615;2023-01-25T11:14:00.000000Z;11;1;
616;2023-01-25T11:15:00.000000Z;0;1;
617;2023-01-25T11:16:00.000000Z;10;1;
618;2023-01-25T11:17:00.000000Z;10;1;
619;2023-01-25T11:18:00.000000Z;2;1;
620;2023-01-25T11:19:00.000000Z;6;1;
621;2023-01-25T11:20:00.000000Z;8;1;
622;2023-01-25T11:21:00.000000Z;0;1;
623;2023-01-25T11:22:00.000000Z;18;1;
624;2023-01-25T11:23:00.000000Z;6;1;
625;2023-01-25T11:24:00.000000Z;3;1;
626;2023-01-25T11:25:00.000000Z;17;1;
627;2023-01-25T11:26:00.000000Z;11;1;
628;2023-01-25T11:27:00.000000Z;13;1;
629;2023-01-25T11:28:00.000000Z;5;1;
630;2023-01-25T11:29:00.000000Z;0;1;
631;2023-01-25T11:30:00.000000Z;10;1;
632;2023-01-25T11:31:00.000000Z;7;1;
633;2023-01-25T11:32:00.000000Z;12;1;
634;2023-01-25T11:33:00.000000Z;10;1;
635;2023-01-25T11:34:00.000000Z;14;1;
636;2023-01-25T11:35:00.000000Z;15;1;
637;2023-01-25T11:36:00.000000Z;2;1;
638;2023-01-25T11:37:00.000000Z;20;1;
639;2023-01-25T11:38:00.000000Z;11;1;
640;2023-01-25T11:39:00.000000Z;19;1;
641;2023-01-25T11:40:00.000000Z;10;1;
642;2023-01-25T11:41:00.000000Z;13;1;
643;2023-01-25T11:42:00.000000Z;7;1;
644;2023-01-25T11:43:00.000000Z;15;1;
645;2023-01-25T11:44:00.000000Z;19;1;
646;2023-01-25T11:45:00.000000Z;7;1;
647;2023-01-25T11:46:00.000000Z;16;1;
648;2023-01-25T11:47:00.000000Z;12;1;
649;2023-01-25T11:48:00.000000Z;12;1;
650;2023-01-25T11:49:00.000000Z;3;1;
651;2023-01-25T11:50:00.000000Z;18;1;
652;2023-01-25T11:51:00.000000Z;18;1;
653;2023-01-25T11:52:00.000000Z;16;1;
654;2023-01-25T11:53:00.000000Z;17;1;
655;2023-01-25T11:54:00.000000Z;2;1;
656;2023-01-25T11:55:00.000000Z;5;1;
657;2023-01-25T11:56:00.000000Z;9;1;
658;2023-01-25T11:57:00.000000Z;19;1;
659;2023-01-25T11:58:00.000000Z;1;1;
660;2023-01-25T11:59:00.000000Z;13;1;
661;2023-01-25T12:00:00.000000Z;9;1;
662;2023-01-25T12:01:00.000000Z;12;1;
663;2023-01-25T12:02:00.000000Z;11;1;
664;2023-01-25T12:03:00.000000Z;13;1;
665;2023-01-25T12:04:00.000000Z;10;1;
666;2023-01-25T12:05:00.000000Z;8;1;
667;2023-01-25T12:06:00.000000Z;12;1;
668;2023-01-25T12:07:00.000000Z;3;1;
669;2023-01-25T12:08:00.000000Z;7;1;
670;2023-01-25T12:09:00.000000Z;14;1;
671;2023-01-25T12:10:00.000000Z;14;1;
672;2023-01-25T12:11:00.000000Z;8;1;
673;2023-01-25T12:12:00.000000Z;17;1;
674;2023-01-25T12:13:00.000000Z;12;1;
675;2023-01-25T12:14:00.000000Z;4;1;
676;2023-01-25T12:15:00.000000Z;5;1;
677;2023-01-25T12:16:00.000000Z;17;1;
678;2023-01-25T12:17:00.000000Z;18;1;
679;2023-01-25T12:18:00.000000Z;11;1;
680;2023-01-25T12:19:00.000000Z;18;1;
681;2023-01-25T12:20:00.000000Z;14;1;
682;2023-01-25T12:21:00.000000Z;14;1;
683;2023-01-25T12:22:00.000000Z;3;1;
684;2023-01-25T12:23:00.000000Z;11;1;
685;2023-01-25T12:24:00.000000Z;12;1;
686;2023-01-25T12:25:00.000000Z;6;1;
687;2023-01-25T12:26:00.000000Z;0;1;
688;2023-01-25T12:27:00.000000Z;2;1;
689;2023-01-25T12:28:00.000000Z;6;1;
690;2023-01-25T12:29:00.000000Z;4;1;
691;2023-01-25T12:30:00.000000Z;1;1;
692;2023-01-25T12:31:00.000000Z;20;1;
693;2023-01-25T12:32:00.000000Z;7;1;
694;2023-01-25T12:33:00.000000Z;14;1;
695;2023-01-25T12:34:00.000000Z;3;1;
696;2023-01-25T12:35:00.000000Z;3;1;
697;2023-01-25T12:36:00.000000Z;20;1;
698;2023-01-25T12:37:00.000000Z;1;1;
699;2023-01-25T12:38:00.000000Z;13;1;
700;2023-01-25T12:39:00.000000Z;13;1;
701;2023-01-25T12:40:00.000000Z;1;1;
702;2023-01-25T12:41:00.000000Z;4;1;
703;2023-01-25T12:42:00.000000Z;2;1;
704;2023-01-25T12:43:00.000000Z;16;1;
705;2023-01-25T12:44:00.000000Z;14;1;
706;2023-01-25T12:45:00.000000Z;9;1;
707;2023-01-25T12:46:00.000000Z;19;1;
708;2023-01-25T12:47:00.000000Z;5;1;
709;2023-01-25T12:48:00.000000Z;9;1;
710;2023-01-25T12:49:00.000000Z;11;1;
711;2023-01-25T12:50:00.000000Z;16;1;
712;2023-01-25T12:51:00.000000Z;5;1;
713;2023-01-25T12:52:00.000000Z;17;1;
714;2023-01-25T12:53:00.000000Z;0;1;
715;2023-01-25T12:54:00.000000Z;2;1;
716;2023-01-25T12:55:00.000000Z;11;1;
717;2023-01-25T12:56:00.000000Z;16;1;
718;2023-01-25T12:57:00.000000Z;3;1;
719;2023-01-25T12:58:00.000000Z;16;1;
720;2023-01-25T12:59:00.000000Z;5;1;
721;2023-01-26T09:00:00.000000Z;11;1;
722;2023-01-26T09:01:00.000000Z;10;1;
723;2023-01-26T09:02:00.000000Z;0;1;
724;2023-01-26T09:03:00.000000Z;1;1;
725;2023-01-26T09:04:00.000000Z;9;1;
726;2023-01-26T09:05:00.000000Z;16;1;
727;2023-01-26T09:06:00.000000Z;19;1;
728;2023-01-26T09:07:00.000000Z;10;1;
729;2023-01-26T09:08:00.000000Z;13;1;
730;2023-01-26T09:09:00.000000Z;17;1;
731;2023-01-26T09:10:00.000000Z;16;1;
732;2023-01-26T09:11:00.000000Z;15;1;
733;2023-01-26T09:12:00.000000Z;11;1;
734;2023-01-26T09:13:00.000000Z;20;1;
735;2023-01-26T09:14:00.000000Z;11;1;
736;2023-01-26T09:15:00.000000Z;11;1;
737;2023-01-26T09:16:00.000000Z;8;1;
738;2023-01-26T09:17:00.000000Z;18;1;
739;2023-01-26T09:18:00.000000Z;6;1;
740;2023-01-26T09:19:00.000000Z;5;1;
741;2023-01-26T09:20:00.000000Z;8;1;
742;2023-01-26T09:21:00.000000Z;19;1;
743;2023-01-26T09:22:00.000000Z;5;1;
744;2023-01-26T09:23:00.000000Z;16;1;
745;2023-01-26T09:24:00.000000Z;15;1;
746;2023-01-26T09:25:00.000000Z;19;1;
747;2023-01-26T09:26:00.000000Z;16;1;
748;2023-01-26T09:27:00.000000Z;5;1;
749;2023-01-26T09:28:00.000000Z;8;1;
750;2023-01-26T09:29:00.000000Z;8;1;
751;2023-01-26T09:30:00.000000Z;20;1;
752;2023-01-26T09:31:00.000000Z;9;1;
753;2023-01-26T09:32:00.000000Z;1;1;
754;2023-01-26T09:33:00.000000Z;1;1;
755;2023-01-26T09:34:00.000000Z;4;1;
756;2023-01-26T09:35:00.000000Z;0;1;
757;2023-01-26T09:36:00.000000Z;9;1;
758;2023-01-26T09:37:00.000000Z;15;1;
759;2023-01-26T09:38:00.000000Z;8;1;
760;2023-01-26T09:39:00.000000Z;17;1;
761;2023-01-26T09:40:00.000000Z;4;1;
762;2023-01-26T09:41:00.000000Z;17;1;
763;2023-01-26T09:42:00.000000Z;14;1;
764;2023-01-26T09:43:00.000000Z;19;1;
765;2023-01-26T09:44:00.000000Z;3;1;
766;2023-01-26T09:45:00.000000Z;12;1;
767;2023-01-26T09:46:00.000000Z;12;1;
768;2023-01-26T09:47:00.000000Z;4;1;
769;2023-01-26T09:48:00.000000Z;0;1;
770;2023-01-26T09:49:00.000000Z;6;1;
771;2023-01-26T09:50:00.000000Z;11;1;
772;2023-01-26T09:51:00.000000Z;0;1;
773;2023-01-26T09:52:00.000000Z;12;1;
774;2023-01-26T09:53:00.000000Z;7;1;
775;2023-01-26T09:54:00.000000Z;9;1;
776;2023-01-26T09:55:00.000000Z;16;1;
777;2023-01-26T09:56:00.000000Z;1;1;
778;2023-01-26T09:57:00.000000Z;3;1;
779;2023-01-26T09:58:00.000000Z;19;1;
780;2023-01-26T09:59:00.000000Z;6;1;
781;2023-01-26T10:00:00.000000Z;19;1;
782;2023-01-26T10:01:00.000000Z;20;1;
783;2023-01-26T10:02:00.000000Z;13;1;
784;2023-01-26T10:03:00.000000Z;9;1;
785;2023-01-26T10:04:00.000000Z;16;1;
786;2023-01-26T10:05:00.000000Z;8;1;
787;2023-01-26T10:06:00.000000Z;10;1;
788;2023-01-26T10:07:00.000000Z;0;1;
789;2023-01-26T10:08:00.000000Z;0;1;
790;2023-01-26T10:09:00.000000Z;18;1;
791;2023-01-26T10:10:00.000000Z;9;1;
792;2023-01-26T10:11:00.000000Z;5;1;
793;2023-01-26T10:12:00.000000Z;11;1;
794;2023-01-26T10:13:00.000000Z;17;1;
795;2023-01-26T10:14:00.000000Z;10;1;
796;2023-01-26T10:15:00.000000Z;13;1;
797;2023-01-26T10:16:00.000000Z;10;1;
798;2023-01-26T10:17:00.000000Z;15;1;
799;2023-01-26T10:18:00.000000Z;16;1;
800;2023-01-26T10:19:00.000000Z;7;1;
801;2023-01-26T10:20:00.000000Z;1;1;
802;2023-01-26T10:21:00.000000Z;10;1;
803;2023-01-26T10:22:00.000000Z;5;1;
804;2023-01-26T10:23:00.000000Z;7;1;
805;2023-01-26T10:24:00.000000Z;11;1;
806;2023-01-26T10:25:00.000000Z;7;1;
807;2023-01-26T10:26:00.000000Z;17;1;
808;2023-01-26T10:27:00.000000Z;16;1;
809;2023-01-26T10:28:00.000000Z;8;1;
810;2023-01-26T10:29:00.000000Z;3;1;
811;2023-01-26T10:30:00.000000Z;4;1;
812;2023-01-26T10:31:00.000000Z;5;1;
813;2023-01-26T10:32:00.000000Z;9;1;
814;2023-01-26T10:33:00.000000Z;13;1;
815;2023-01-26T10:34:00.000000Z;10;1;
816;2023-01-26T10:35:00.000000Z;8;1;
817;2023-01-26T10:36:00.000000Z;12;1;
818;2023-01-26T10:37:00.000000Z;19;1;
819;2023-01-26T10:38:00.000000Z;16;1;
820;2023-01-26T10:39:00.000000Z;7;1;
821;2023-01-26T10:40:00.000000Z;16;1;
822;2023-01-26T10:41:00.000000Z;18;1;
823;2023-01-26T10:42:00.000000Z;8;1;
824;2023-01-26T10:43:00.000000Z;6;1;
825;2023-01-26T10:44:00.000000Z;18;1;
826;2023-01-26T10:45:00.000000Z;13;1;
827;2023-01-26T10:46:00.000000Z;12;1;
828;2023-01-26T10:47:00.000000Z;20;1;
829;2023-01-26T10:48:00.000000Z;15;1;
830;2023-01-26T10:49:00.000000Z;15;1;
831;2023-01-26T10:50:00.000000Z;20;1;
832;2023-01-26T10:51:00.000000Z;17;1;
833;2023-01-26T10:52:00.000000Z;6;1;
834;2023-01-26T10:53:00.000000Z;11;1;
835;2023-01-26T10:54:00.000000Z;4;1;
836;2023-01-26T10:55:00.000000Z;2;1;
837;2023-01-26T10:56:00.000000Z;1;1;
838;2023-01-26T10:57:00.000000Z;1;1;
839;2023-01-26T10:58:00.000000Z;6;1;
840;2023-01-26T10:59:00.000000Z;6;1;
841;2023-01-26T11:00:00.000000Z;2;1;
842;2023-01-26T11:01:00.000000Z;1;1;
843;2023-01-26T11:02:00.000000Z;5;1;
844;2023-01-26T11:03:00.000000Z;12;1;
845;2023-01-26T11:04:00.000000Z;11;1;
846;2023-01-26T11:05:00.000000Z;12;1;
847;2023-01-26T11:06:00.000000Z;8;1;
848;2023-01-26T11:07:00.000000Z;20;1;
849;2023-01-26T11:08:00.000000Z;2;1;
850;2023-01-26T11:09:00.000000Z;16;1;
851;2023-01-26T11:10:00.000000Z;19;1;
852;2023-01-26T11:11:00.000000Z;12;1;
853;2023-01-26T11:12:00.000000Z;0;1;
854;2023-01-26T11:13:00.000000Z;5;1;
855;2023-01-26T11:14:00.000000Z;10;1;
856;2023-01-26T11:15:00.000000Z;4;1;
857;2023-01-26T11:16:00.000000Z;10;1;
858;2023-01-26T11:17:00.000000Z;5;1;
859;2023-01-26T11:18:00.000000Z;6;1;
860;2023-01-26T11:19:00.000000Z;19;1;
861;2023-01-26T11:20:00.000000Z;11;1;
862;2023-01-26T11:21:00.000000Z;7;1;
863;2023-01-26T11:22:00.000000Z;12;1;
864;2023-01-26T11:23:00.000000Z;8;1;
865;2023-01-26T11:24:00.000000Z;2;1;
866;2023-01-26T11:25:00.000000Z;5;1;
867;2023-01-26T11:26:00.000000Z;8;1;
868;2023-01-26T11:27:00.000000Z;16;1;
869;2023-01-26T11:28:00.000000Z;17;1;
870;2023-01-26T11:29:00.000000Z;4;1;
871;2023-01-26T11:30:00.000000Z;8;1;
872;2023-01-26T11:31:00.000000Z;15;1;
873;2023-01-26T11:32:00.000000Z;13;1;
874;2023-01-26T11:33:00.000000Z;17;1;
875;2023-01-26T11:34:00.000000Z;9;1;
876;2023-01-26T11:35:00.000000Z;15;1;
877;2023-01-26T11:36:00.000000Z;5;1;
878;2023-01-26T11:37:00.000000Z;16;1;
879;2023-01-26T11:38:00.000000Z;12;1;
880;2023-01-26T11:39:00.000000Z;17;1;
881;2023-01-26T11:40:00.000000Z;8;1;
882;2023-01-26T11:41:00.000000Z;1;1;
883;2023-01-26T11:42:00.000000Z;16;1;
884;2023-01-26T11:43:00.000000Z;6;1;
885;2023-01-26T11:44:00.000000Z;1;1;
886;2023-01-26T11:45:00.000000Z;2;1;
887;2023-01-26T11:46:00.000000Z;20;1;
888;2023-01-26T11:47:00.000000Z;17;1;
889;2023-01-26T11:48:00.000000Z;11;1;
890;2023-01-26T11:49:00.000000Z;8;1;
891;2023-01-26T11:50:00.000000Z;17;1;
892;2023-01-26T11:51:00.000000Z;20;1;
893;2023-01-26T11:52:00.000000Z;6;1;
894;2023-01-26T11:53:00.000000Z;12;1;
895;2023-01-26T11:54:00.000000Z;0;1;
896;2023-01-26T11:55:00.000000Z;4;1;
897;2023-01-26T11:56:00.000000Z;13;1;
898;2023-01-26T11:57:00.000000Z;16;1;
899;2023-01-26T11:58:00.000000Z;13;1;
900;2023-01-26T11:59:00.000000Z;19;1;
901;2023-01-26T12:00:00.000000Z;1;1;
902;2023-01-26T12:01:00.000000Z;10;1;
903;2023-01-26T12:02:00.000000Z;13;1;
904;2023-01-26T12:03:00.000000Z;11;1;
905;2023-01-26T12:04:00.000000Z;12;1;
906;2023-01-26T12:05:00.000000Z;8;1;
907;2023-01-26T12:06:00.000000Z;9;1;
908;2023-01-26T12:07:00.000000Z;12;1;
909;2023-01-26T12:08:00.000000Z;15;1;
910;2023-01-26T12:09:00.000000Z;16;1;
911;2023-01-26T12:10:00.000000Z;1;1;
912;2023-01-26T12:11:00.000000Z;14;1;
913;2023-01-26T12:12:00.000000Z;8;1;
914;2023-01-26T12:13:00.000000Z;20;1;
915;2023-01-26T12:14:00.000000Z;16;1;
916;2023-01-26T12:15:00.000000Z;18;1;
917;2023-01-26T12:16:00.000000Z;3;1;
918;2023-01-26T12:17:00.000000Z;16;1;
919;2023-01-26T12:18:00.000000Z;19;1;
920;2023-01-26T12:19:00.000000Z;2;1;
921;2023-01-26T12:20:00.000000Z;18;1;
922;2023-01-26T12:21:00.000000Z;17;1;
923;2023-01-26T12:22:00.000000Z;15;1;
924;2023-01-26T12:23:00.000000Z;11;1;
925;2023-01-26T12:24:00.000000Z;1;1;
926;2023-01-26T12:25:00.000000Z;18;1;
927;2023-01-26T12:26:00.000000Z;7;1;
928;2023-01-26T12:27:00.000000Z;3;1;
929;2023-01-26T12:28:00.000000Z;7;1;
930;2023-01-26T12:29:00.000000Z;2;1;
931;2023-01-26T12:30:00.000000Z;9;1;
932;2023-01-26T12:31:00.000000Z;18;1;
933;2023-01-26T12:32:00.000000Z;13;1;
934;2023-01-26T12:33:00.000000Z;19;1;
935;2023-01-26T12:34:00.000000Z;3;1;
936;2023-01-26T12:35:00.000000Z;10;1;
937;2023-01-26T12:36:00.000000Z;3;1;
938;2023-01-26T12:37:00.000000Z;18;1;
939;2023-01-26T12:38:00.000000Z;14;1;
940;2023-01-26T12:39:00.000000Z;7;1;
941;2023-01-26T12:40:00.000000Z;14;1;
942;2023-01-26T12:41:00.000000Z;4;1;
943;2023-01-26T12:42:00.000000Z;12;1;
944;2023-01-26T12:43:00.000000Z;0;1;
945;2023-01-26T12:44:00.000000Z;7;1;
946;2023-01-26T12:45:00.000000Z;16;1;
947;2023-01-26T12:46:00.000000Z;4;1;
948;2023-01-26T12:47:00.000000Z;17;1;
949;2023-01-26T12:48:00.000000Z;11;1;
950;2023-01-26T12:49:00.000000Z;11;1;
951;2023-01-26T12:50:00.000000Z;4;1;
952;2023-01-26T12:51:00.000000Z;3;1;
953;2023-01-26T12:52:00.000000Z;16;1;
954;2023-01-26T12:53:00.000000Z;16;1;
955;2023-01-26T12:54:00.000000Z;14;1;
956;2023-01-26T12:55:00.000000Z;1;1;
957;2023-01-26T12:56:00.000000Z;14;1;
958;2023-01-26T12:57:00.000000Z;1;1;
959;2023-01-26T12:58:00.000000Z;5;1;
960;2023-01-26T12:59:00.000000Z;0;1;
961;2023-01-27T09:00:00.000000Z;12;1;
962;2023-01-27T09:01:00.000000Z;20;1;
963;2023-01-27T09:02:00.000000Z;5;1;
964;2023-01-27T09:03:00.000000Z;6;1;
965;2023-01-27T09:04:00.000000Z;14;1;
966;2023-01-27T09:05:00.000000Z;16;1;
967;2023-01-27T09:06:00.000000Z;4;1;
968;2023-01-27T09:07:00.000000Z;3;1;
969;2023-01-27T09:08:00.000000Z;3;1;
970;2023-01-27T09:09:00.000000Z;2;1;
971;2023-01-27T09:10:00.000000Z;8;1;
972;2023-01-27T09:11:00.000000Z;12;1;
973;2023-01-27T09:12:00.000000Z;15;1;
974;2023-01-27T09:13:00.000000Z;15;1;
975;2023-01-27T09:14:00.000000Z;7;1;
976;2023-01-27T09:15:00.000000Z;3;1;
977;2023-01-27T09:16:00.000000Z;9;1;
978;2023-01-27T09:17:00.000000Z;18;1;
979;2023-01-27T09:18:00.000000Z;3;1;
980;2023-01-27T09:19:00.000000Z;5;1;
981;2023-01-27T09:20:00.000000Z;1;1;
982;2023-01-27T09:21:00.000000Z;11;1;
983;2023-01-27T09:22:00.000000Z;14;1;
984;2023-01-27T09:23:00.000000Z;17;1;
985;2023-01-27T09:24:00.000000Z;7;1;
986;2023-01-27T09:25:00.000000Z;6;1;
987;2023-01-27T09:26:00.000000Z;17;1;
988;2023-01-27T09:27:00.000000Z;6;1;
989;2023-01-27T09:28:00.000000Z;10;1;
990;2023-01-27T09:29:00.000000Z;0;1;
991;2023-01-27T09:30:00.000000Z;2;1;
992;2023-01-27T09:31:00.000000Z;17;1;
993;2023-01-27T09:32:00.000000Z;1;1;
994;2023-01-27T09:33:00.000000Z;8;1;
995;2023-01-27T09:34:00.000000Z;12;1;
996;2023-01-27T09:35:00.000000Z;4;1;
997;2023-01-27T09:36:00.000000Z;13;1;
998;2023-01-27T09:37:00.000000Z;11;1;
999;2023-01-27T09:38:00.000000Z;15;1;
1000;2023-01-27T09:39:00.000000Z;18;1;
1001;2023-01-27T09:40:00.000000Z;10;1;
1002;2023-01-27T09:41:00.000000Z;17;1;
1003;2023-01-27T09:42:00.000000Z;1;1;
1004;2023-01-27T09:43:00.000000Z;5;1;
1005;2023-01-27T09:44:00.000000Z;18;1;
1006;2023-01-27T09:45:00.000000Z;5;1;
1007;2023-01-27T09:46:00.000000Z;13;1;
1008;2023-01-27T09:47:00.000000Z;19;1;
1009;2023-01-27T09:48:00.000000Z;4;1;
1010;2023-01-27T09:49:00.000000Z;1;1;
1011;2023-01-27T09:50:00.000000Z;15;1;
1012;2023-01-27T09:51:00.000000Z;1;1;
1013;2023-01-27T09:52:00.000000Z;13;1;
1014;2023-01-27T09:53:00.000000Z;16;1;
1015;2023-01-27T09:54:00.000000Z;2;1;
1016;2023-01-27T09:55:00.000000Z;3;1;
1017;2023-01-27T09:56:00.000000Z;12;1;
1018;2023-01-27T09:57:00.000000Z;3;1;
1019;2023-01-27T09:58:00.000000Z;16;1;
1020;2023-01-27T09:59:00.000000Z;8;1;
1021;2023-01-27T10:00:00.000000Z;11;1;
1022;2023-01-27T10:01:00.000000Z;20;1;
1023;2023-01-27T10:02:00.000000Z;11;1;
1024;2023-01-27T10:03:00.000000Z;18;1;
1025;2023-01-27T10:04:00.000000Z;9;1;
1026;2023-01-27T10:05:00.000000Z;16;1;
1027;2023-01-27T10:06:00.000000Z;7;1;
1028;2023-01-27T10:07:00.000000Z;8;1;
1029;2023-01-27T10:08:00.000000Z;18;1;
1030;2023-01-27T10:09:00.000000Z;13;1;
1031;2023-01-27T10:10:00.000000Z;15;1;
1032;2023-01-27T10:11:00.000000Z;8;1;
1033;2023-01-27T10:12:00.000000Z;9;1;
1034;2023-01-27T10:13:00.000000Z;7;1;
1035;2023-01-27T10:14:00.000000Z;4;1;
1036;2023-01-27T10:15:00.000000Z;0;1;
1037;2023-01-27T10:16:00.000000Z;11;1;
1038;2023-01-27T10:17:00.000000Z;12;1;
1039;2023-01-27T10:18:00.000000Z;4;1;
1040;2023-01-27T10:19:00.000000Z;17;1;
1041;2023-01-27T10:20:00.000000Z;20;1;
1042;2023-01-27T10:21:00.000000Z;1;1;
1043;2023-01-27T10:22:00.000000Z;5;1;
1044;2023-01-27T10:23:00.000000Z;5;1;
1045;2023-01-27T10:24:00.000000Z;7;1;
1046;2023-01-27T10:25:00.000000Z;15;1;
1047;2023-01-27T10:26:00.000000Z;10;1;
1048;2023-01-27T10:27:00.000000Z;2;1;
1049;2023-01-27T10:28:00.000000Z;16;1;
1050;2023-01-27T10:29:00.000000Z;13;1;
1051;2023-01-27T10:30:00.000000Z;14;1;
1052;2023-01-27T10:31:00.000000Z;16;1;
1053;2023-01-27T10:32:00.000000Z;14;1;
1054;2023-01-27T10:33:00.000000Z;3;1;
1055;2023-01-27T10:34:00.000000Z;17;1;
1056;2023-01-27T10:35:00.000000Z;1;1;
1057;2023-01-27T10:36:00.000000Z;12;1;
1058;2023-01-27T10:37:00.000000Z;19;1;
1059;2023-01-27T10:38:00.000000Z;10;1;
1060;2023-01-27T10:39:00.000000Z;9;1;
1061;2023-01-27T10:40:00.000000Z;16;1;
1062;2023-01-27T10:41:00.000000Z;18;1;
1063;2023-01-27T10:42:00.000000Z;0;1;
1064;2023-01-27T10:43:00.000000Z;10;1;
1065;2023-01-27T10:44:00.000000Z;14;1;
1066;2023-01-27T10:45:00.000000Z;5;1;
1067;2023-01-27T10:46:00.000000Z;10;1;
1068;2023-01-27T10:47:00.000000Z;18;1;
1069;2023-01-27T10:48:00.000000Z;2;1;
1070;2023-01-27T10:49:00.000000Z;4;1;
1071;2023-01-27T10:50:00.000000Z;8;1;
1072;2023-01-27T10:51:00.000000Z;11;1;
1073;2023-01-27T10:52:00.000000Z;4;1;
1074;2023-01-27T10:53:00.000000Z;10;1;
1075;2023-01-27T10:54:00.000000Z;4;1;
1076;2023-01-27T10:55:00.000000Z;16;1;
1077;2023-01-27T10:56:00.000000Z;0;1;
1078;2023-01-27T10:57:00.000000Z;19;1;
1079;2023-01-27T10:58:00.000000Z;19;1;
1080;2023-01-27T10:59:00.000000Z;9;1;
1081;2023-01-27T11:00:00.000000Z;16;1;
1082;2023-01-27T11:01:00.000000Z;19;1;
1083;2023-01-27T11:02:00.000000Z;6;1;
1084;2023-01-27T11:03:00.000000Z;14;1;
1085;2023-01-27T11:04:00.000000Z;5;1;
1086;2023-01-27T11:05:00.000000Z;19;1;
1087;2023-01-27T11:06:00.000000Z;11;1;
1088;2023-01-27T11:07:00.000000Z;13;1;
1089;2023-01-27T11:08:00.000000Z;6;1;
1090;2023-01-27T11:09:00.000000Z;8;1;
1091;2023-01-27T11:10:00.000000Z;0;1;
1092;2023-01-27T11:11:00.000000Z;14;1;
1093;2023-01-27T11:12:00.000000Z;19;1;
1094;2023-01-27T11:13:00.000000Z;19;1;
1095;2023-01-27T11:14:00.000000Z;13;1;
1096;2023-01-27T11:15:00.000000Z;16;1;
1097;2023-01-27T11:16:00.000000Z;19;1;
1098;2023-01-27T11:17:00.000000Z;5;1;
1099;2023-01-27T11:18:00.000000Z;1;1;
1100;2023-01-27T11:19:00.000000Z;12;1;
1101;2023-01-27T11:20:00.000000Z;11;1;
1102;2023-01-27T11:21:00.000000Z;9;1;
1103;2023-01-27T11:22:00.000000Z;15;1;
1104;2023-01-27T11:23:00.000000Z;9;1;
1105;2023-01-27T11:24:00.000000Z;11;1;
1106;2023-01-27T11:25:00.000000Z;9;1;
1107;2023-01-27T11:26:00.000000Z;16;1;
1108;2023-01-27T11:27:00.000000Z;16;1;
1109;2023-01-27T11:28:00.000000Z;8;1;
1110;2023-01-27T11:29:00.000000Z;18;1;
1111;2023-01-27T11:30:00.000000Z;10;1;
1112;2023-01-27T11:31:00.000000Z;1;1;
1113;2023-01-27T11:32:00.000000Z;14;1;
1114;2023-01-27T11:33:00.000000Z;5;1;
1115;2023-01-27T11:34:00.000000Z;1;1;
1116;2023-01-27T11:35:00.000000Z;10;1;
1117;2023-01-27T11:36:00.000000Z;20;1;
1118;2023-01-27T11:37:00.000000Z;9;1;
1119;2023-01-27T11:38:00.000000Z;11;1;
1120;2023-01-27T11:39:00.000000Z;7;1;
1121;2023-01-27T11:40:00.000000Z;11;1;
1122;2023-01-27T11:41:00.000000Z;15;1;
1123;2023-01-27T11:42:00.000000Z;17;1;
1124;2023-01-27T11:43:00.000000Z;2;1;
1125;2023-01-27T11:44:00.000000Z;13;1;
1126;2023-01-27T11:45:00.000000Z;12;1;
1127;2023-01-27T11:46:00.000000Z;4;1;
1128;2023-01-27T11:47:00.000000Z;6;1;
1129;2023-01-27T11:48:00.000000Z;6;1;
1130;2023-01-27T11:49:00.000000Z;8;1;
1131;2023-01-27T11:50:00.000000Z;18;1;
1132;2023-01-27T11:51:00.000000Z;7;1;
1133;2023-01-27T11:52:00.000000Z;8;1;
1134;2023-01-27T11:53:00.000000Z;7;1;
1135;2023-01-27T11:54:00.000000Z;14;1;
1136;2023-01-27T11:55:00.000000Z;12;1;
1137;2023-01-27T11:56:00.000000Z;8;1;
1138;2023-01-27T11:57:00.000000Z;4;1;
1139;2023-01-27T11:58:00.000000Z;9;1;
1140;2023-01-27T11:59:00.000000Z;6;1;
1141;2023-01-27T12:00:00.000000Z;17;1;
1142;2023-01-27T12:01:00.000000Z;2;1;
1143;2023-01-27T12:02:00.000000Z;6;1;
1144;2023-01-27T12:03:00.000000Z;3;1;
1145;2023-01-27T12:04:00.000000Z;6;1;
1146;2023-01-27T12:05:00.000000Z;5;1;
1147;2023-01-27T12:06:00.000000Z;12;1;
1148;2023-01-27T12:07:00.000000Z;4;1;
1149;2023-01-27T12:08:00.000000Z;1;1;
1150;2023-01-27T12:09:00.000000Z;15;1;
1151;2023-01-27T12:10:00.000000Z;6;1;
1152;2023-01-27T12:11:00.000000Z;2;1;
1153;2023-01-27T12:12:00.000000Z;13;1;
1154;2023-01-27T12:13:00.000000Z;19;1;
1155;2023-01-27T12:14:00.000000Z;9;1;
1156;2023-01-27T12:15:00.000000Z;4;1;
1157;2023-01-27T12:16:00.000000Z;11;1;
1158;2023-01-27T12:17:00.000000Z;5;1;
1159;2023-01-27T12:18:00.000000Z;17;1;
1160;2023-01-27T12:19:00.000000Z;8;1;
1161;2023-01-27T12:20:00.000000Z;1;1;
1162;2023-01-27T12:21:00.000000Z;8;1;
1163;2023-01-27T12:22:00.000000Z;5;1;
1164;2023-01-27T12:23:00.000000Z;15;1;
1165;2023-01-27T12:24:00.000000Z;18;1;
1166;2023-01-27T12:25:00.000000Z;9;1;
1167;2023-01-27T12:26:00.000000Z;6;1;
1168;2023-01-27T12:27:00.000000Z;9;1;
1169;2023-01-27T12:28:00.000000Z;13;1;
1170;2023-01-27T12:29:00.000000Z;15;1;
1171;2023-01-27T12:30:00.000000Z;9;1;
1172;2023-01-27T12:31:00.000000Z;3;1;
1173;2023-01-27T12:32:00.000000Z;1;1;
1174;2023-01-27T12:33:00.000000Z;2;1;
1175;2023-01-27T12:34:00.000000Z;9;1;
1176;2023-01-27T12:35:00.000000Z;16;1;
1177;2023-01-27T12:36:00.000000Z;15;1;
1178;2023-01-27T12:37:00.000000Z;8;1;
1179;2023-01-27T12:38:00.000000Z;16;1;
1180;2023-01-27T12:39:00.000000Z;4;1;
1181;2023-01-27T12:40:00.000000Z;16;1;
1182;2023-01-27T12:41:00.000000Z;20;1;
1183;2023-01-27T12:42:00.000000Z;15;1;
1184;2023-01-27T12:43:00.000000Z;13;1;
1185;2023-01-27T12:44:00.000000Z;10;1;
1186;2023-01-27T12:45:00.000000Z;1;1;
1187;2023-01-27T12:46:00.000000Z;2;1;
1188;2023-01-27T12:47:00.000000Z;1;1;
1189;2023-01-27T12:48:00.000000Z;4;1;
1190;2023-01-27T12:49:00.000000Z;9;1;
1191;2023-01-27T12:50:00.000000Z;17;1;
1192;2023-01-27T12:51:00.000000Z;18;1;
1193;2023-01-27T12:52:00.000000Z;0;1;
1194;2023-01-27T12:53:00.000000Z;7;1;
1195;2023-01-27T12:54:00.000000Z;6;1;
1196;2023-01-27T12:55:00.000000Z;13;1;
1197;2023-01-27T12:56:00.000000Z;5;1;
1198;2023-01-27T12:57:00.000000Z;20;1;
1199;2023-01-27T12:58:00.000000Z;1;1;
1200;2023-01-27T12:59:00.000000Z;3;1;
1201;2023-01-28T09:00:00.000000Z;10;1;
1202;2023-01-28T09:01:00.000000Z;11;1;
1203;2023-01-28T09:02:00.000000Z;9;1;
1204;2023-01-28T09:03:00.000000Z;9;1;
1205;2023-01-28T09:04:00.000000Z;7;1;
1206;2023-01-28T09:05:00.000000Z;15;1;
1207;2023-01-28T09:06:00.000000Z;13;1;
1208;2023-01-28T09:07:00.000000Z;10;1;
1209;2023-01-28T09:08:00.000000Z;7;1;
1210;2023-01-28T09:09:00.000000Z;17;1;
1211;2023-01-28T09:10:00.000000Z;15;1;
1212;2023-01-28T09:11:00.000000Z;7;1;
1213;2023-01-28T09:12:00.000000Z;3;1;
1214;2023-01-28T09:13:00.000000Z;1;1;
1215;2023-01-28T09:14:00.000000Z;19;1;
1216;2023-01-28T09:15:00.000000Z;1;1;
1217;2023-01-28T09:16:00.000000Z;15;1;
1218;2023-01-28T09:17:00.000000Z;11;1;
1219;2023-01-28T09:18:00.000000Z;17;1;
1220;2023-01-28T09:19:00.000000Z;16;1;
1221;2023-01-28T09:20:00.000000Z;16;1;
1222;2023-01-28T09:21:00.000000Z;4;1;
1223;2023-01-28T09:22:00.000000Z;9;1;
1224;2023-01-28T09:23:00.000000Z;17;1;
1225;2023-01-28T09:24:00.000000Z;2;1;
1226;2023-01-28T09:25:00.000000Z;17;1;
1227;2023-01-28T09:26:00.000000Z;2;1;
1228;2023-01-28T09:27:00.000000Z;5;1;
1229;2023-01-28T09:28:00.000000Z;13;1;
1230;2023-01-28T09:29:00.000000Z;19;1;
1231;2023-01-28T09:30:00.000000Z;5;1;
1232;2023-01-28T09:31:00.000000Z;11;1;
1233;2023-01-28T09:32:00.000000Z;2;1;
1234;2023-01-28T09:33:00.000000Z;2;1;
1235;2023-01-28T09:34:00.000000Z;11;1;
1236;2023-01-28T09:35:00.000000Z;19;1;
1237;2023-01-28T09:36:00.000000Z;7;1;
1238;2023-01-28T09:37:00.000000Z;13;1;
1239;2023-01-28T09:38:00.000000Z;12;1;
1240;2023-01-28T09:39:00.000000Z;16;1;
1241;2023-01-28T09:40:00.000000Z;20;1;
1242;2023-01-28T09:41:00.000000Z;1;1;
1243;2023-01-28T09:42:00.000000Z;11;1;
1244;2023-01-28T09:43:00.000000Z;4;1;
1245;2023-01-28T09:44:00.000000Z;20;1;
1246;2023-01-28T09:45:00.000000Z;2;1;
1247;2023-01-28T09:46:00.000000Z;7;1;
1248;2023-01-28T09:47:00.000000Z;15;1;
1249;2023-01-28T09:48:00.000000Z;20;1;
1250;2023-01-28T09:49:00.000000Z;16;1;
1251;2023-01-28T09:50:00.000000Z;19;1;
1252;2023-01-28T09:51:00.000000Z;5;1;
1253;2023-01-28T09:52:00.000000Z;8;1;
1254;2023-01-28T09:53:00.000000Z;0;1;
1255;2023-01-28T09:54:00.000000Z;13;1;
1256;2023-01-28T09:55:00.000000Z;13;1;
1257;2023-01-28T09:56:00.000000Z;13;1;
1258;2023-01-28T09:57:00.000000Z;13;1;
1259;2023-01-28T09:58:00.000000Z;7;1;
1260;2023-01-28T09:59:00.000000Z;16;1;
1261;2023-01-28T10:00:00.000000Z;1;1;
1262;2023-01-28T10:01:00.000000Z;9;1;
1263;2023-01-28T10:02:00.000000Z;14;1;
1264;2023-01-28T10:03:00.000000Z;14;1;
1265;2023-01-28T10:04:00.000000Z;0;1;
1266;2023-01-28T10:05:00.000000Z;20;1;
1267;2023-01-28T10:06:00.000000Z;1;1;
1268;2023-01-28T10:07:00.000000Z;2;1;
1269;2023-01-28T10:08:00.000000Z;9;1;
1270;2023-01-28T10:09:00.000000Z;6;1;
1271;2023-01-28T10:10:00.000000Z;20;1;
1272;2023-01-28T10:11:00.000000Z;20;1;
1273;2023-01-28T10:12:00.000000Z;12;1;
1274;2023-01-28T10:13:00.000000Z;5;1;
1275;2023-01-28T10:14:00.000000Z;15;1;
1276;2023-01-28T10:15:00.000000Z;4;1;
1277;2023-01-28T10:16:00.000000Z;20;1;
1278;2023-01-28T10:17:00.000000Z;2;1;
1279;2023-01-28T10:18:00.000000Z;2;1;
1280;2023-01-28T10:19:00.000000Z;7;1;
1281;2023-01-28T10:20:00.000000Z;13;1;
1282;2023-01-28T10:21:00.000000Z;15;1;
1283;2023-01-28T10:22:00.000000Z;7;1;
1284;2023-01-28T10:23:00.000000Z;5;1;
1285;2023-01-28T10:24:00.000000Z;16;1;
1286;2023-01-28T10:25:00.000000Z;8;1;
1287;2023-01-28T10:26:00.000000Z;18;1;
1288;2023-01-28T10:27:00.000000Z;18;1;
1289;2023-01-28T10:28:00.000000Z;9;1;
1290;2023-01-28T10:29:00.000000Z;2;1;
1291;2023-01-28T10:30:00.000000Z;11;1;
1292;2023-01-28T10:31:00.000000Z;15;1;
1293;2023-01-28T10:32:00.000000Z;6;1;
1294;2023-01-28T10:33:00.000000Z;6;1;
1295;2023-01-28T10:34:00.000000Z;3;1;
1296;2023-01-28T10:35:00.000000Z;16;1;
1297;2023-01-28T10:36:00.000000Z;5;1;
1298;2023-01-28T10:37:00.000000Z;16;1;
1299;2023-01-28T10:38:00.000000Z;0;1;
1300;2023-01-28T10:39:00.000000Z;18;1;
1301;2023-01-28T10:40:00.000000Z;18;1;
1302;2023-01-28T10:41:00.000000Z;0;1;
1303;2023-01-28T10:42:00.000000Z;6;1;
1304;2023-01-28T10:43:00.000000Z;19;1;
1305;2023-01-28T10:44:00.000000Z;4;1;
1306;2023-01-28T10:45:00.000000Z;3;1;
1307;2023-01-28T10:46:00.000000Z;17;1;
1308;2023-01-28T10:47:00.000000Z;19;1;
1309;2023-01-28T10:48:00.000000Z;0;1;
1310;2023-01-28T10:49:00.000000Z;5;1;
1311;2023-01-28T10:50:00.000000Z;1;1;
1312;2023-01-28T10:51:00.000000Z;1;1;
1313;2023-01-28T10:52:00.000000Z;18;1;
1314;2023-01-28T10:53:00.000000Z;7;1;
1315;2023-01-28T10:54:00.000000Z;6;1;
1316;2023-01-28T10:55:00.000000Z;1;1;
1317;2023-01-28T10:56:00.000000Z;6;1;
1318;2023-01-28T10:57:00.000000Z;0;1;
1319;2023-01-28T10:58:00.000000Z;12;1;
1320;2023-01-28T10:59:00.000000Z;19;1;
1321;2023-01-28T11:00:00.000000Z;17;1;
1322;2023-01-28T11:01:00.000000Z;19;1;
1323;2023-01-28T11:02:00.000000Z;12;1;
1324;2023-01-28T11:03:00.000000Z;17;1;
1325;2023-01-28T11:04:00.000000Z;18;1;
1326;2023-01-28T11:05:00.000000Z;3;1;
1327;2023-01-28T11:06:00.000000Z;8;1;
1328;2023-01-28T11:07:00.000000Z;5;1;
1329;2023-01-28T11:08:00.000000Z;20;1;
1330;2023-01-28T11:09:00.000000Z;5;1;
1331;2023-01-28T11:10:00.000000Z;14;1;
1332;2023-01-28T11:11:00.000000Z;14;1;
1333;2023-01-28T11:12:00.000000Z;12;1;
1334;2023-01-28T11:13:00.000000Z;9;1;
1335;2023-01-28T11:14:00.000000Z;5;1;
1336;2023-01-28T11:15:00.000000Z;4;1;
1337;2023-01-28T11:16:00.000000Z;13;1;
1338;2023-01-28T11:17:00.000000Z;11;1;
1339;2023-01-28T11:18:00.000000Z;15;1;
1340;2023-01-28T11:19:00.000000Z;6;1;
1341;2023-01-28T11:20:00.000000Z;0;1;
1342;2023-01-28T11:21:00.000000Z;3;1;
1343;2023-01-28T11:22:00.000000Z;19;1;
1344;2023-01-28T11:23:00.000000Z;14;1;
1345;2023-01-28T11:24:00.000000Z;20;1;
1346;2023-01-28T11:25:00.000000Z;16;1;
1347;2023-01-28T11:26:00.000000Z;1;1;
1348;2023-01-28T11:27:00.000000Z;14;1;
1349;2023-01-28T11:28:00.000000Z;14;1;
1350;2023-01-28T11:29:00.000000Z;20;1;
1351;2023-01-28T11:30:00.000000Z;5;1;
1352;2023-01-28T11:31:00.000000Z;15;1;
1353;2023-01-28T11:32:00.000000Z;20;1;
1354;2023-01-28T11:33:00.000000Z;7;1;
1355;2023-01-28T11:34:00.000000Z;0;1;
1356;2023-01-28T11:35:00.000000Z;18;1;
1357;2023-01-28T11:36:00.000000Z;11;1;
1358;2023-01-28T11:37:00.000000Z;3;1;
1359;2023-01-28T11:38:00.000000Z;9;1;
1360;2023-01-28T11:39:00.000000Z;20;1;
1361;2023-01-28T11:40:00.000000Z;3;1;
1362;2023-01-28T11:41:00.000000Z;18;1;
1363;2023-01-28T11:42:00.000000Z;16;1;
1364;2023-01-28T11:43:00.000000Z;4;1;
1365;2023-01-28T11:44:00.000000Z;8;1;
1366;2023-01-28T11:45:00.000000Z;0;1;
1367;2023-01-28T11:46:00.000000Z;6;1;
1368;2023-01-28T11:47:00.000000Z;4;1;
1369;2023-01-28T11:48:00.000000Z;3;1;
1370;2023-01-28T11:49:00.000000Z;14;1;
1371;2023-01-28T11:50:00.000000Z;3;1;
1372;2023-01-28T11:51:00.000000Z;4;1;
1373;2023-01-28T11:52:00.000000Z;17;1;
1374;2023-01-28T11:53:00.000000Z;2;1;
1375;2023-01-28T11:54:00.000000Z;2;1;
1376;2023-01-28T11:55:00.000000Z;19;1;
1377;2023-01-28T11:56:00.000000Z;13;1;
1378;2023-01-28T11:57:00.000000Z;20;1;
1379;2023-01-28T11:58:00.000000Z;8;1;
1380;2023-01-28T11:59:00.000000Z;13;1;
1381;2023-01-28T12:00:00.000000Z;9;1;
1382;2023-01-28T12:01:00.000000Z;2;1;
1383;2023-01-28T12:02:00.000000Z;18;1;
1384;2023-01-28T12:03:00.000000Z;11;1;
1385;2023-01-28T12:04:00.000000Z;15;1;
1386;2023-01-28T12:05:00.000000Z;7;1;
1387;2023-01-28T12:06:00.000000Z;17;1;
1388;2023-01-28T12:07:00.000000Z;5;1;
1389;2023-01-28T12:08:00.000000Z;4;1;
1390;2023-01-28T12:09:00.000000Z;19;1;
1391;2023-01-28T12:10:00.000000Z;0;1;
1392;2023-01-28T12:11:00.000000Z;17;1;
1393;2023-01-28T12:12:00.000000Z;3;1;
1394;2023-01-28T12:13:00.000000Z;5;1;
1395;2023-01-28T12:14:00.000000Z;2;1;
1396;2023-01-28T12:15:00.000000Z;3;1;
1397;2023-01-28T12:16:00.000000Z;5;1;
1398;2023-01-28T12:17:00.000000Z;2;1;
1399;2023-01-28T12:18:00.000000Z;19;1;
1400;2023-01-28T12:19:00.000000Z;20;1;
1401;2023-01-28T12:20:00.000000Z;5;1;
1402;2023-01-28T12:21:00.000000Z;7;1;
1403;2023-01-28T12:22:00.000000Z;6;1;
1404;2023-01-28T12:23:00.000000Z;10;1;
1405;2023-01-28T12:24:00.000000Z;9;1;
1406;2023-01-28T12:25:00.000000Z;14;1;
1407;2023-01-28T12:26:00.000000Z;5;1;
1408;2023-01-28T12:27:00.000000Z;2;1;
1409;2023-01-28T12:28:00.000000Z;17;1;
1410;2023-01-28T12:29:00.000000Z;11;1;
1411;2023-01-28T12:30:00.000000Z;4;1;
1412;2023-01-28T12:31:00.000000Z;3;1;
1413;2023-01-28T12:32:00.000000Z;14;1;
1414;2023-01-28T12:33:00.000000Z;8;1;
1415;2023-01-28T12:34:00.000000Z;8;1;
1416;2023-01-28T12:35:00.000000Z;19;1;
1417;2023-01-28T12:36:00.000000Z;3;1;
1418;2023-01-28T12:37:00.000000Z;12;1;
1419;2023-01-28T12:38:00.000000Z;16;1;
1420;2023-01-28T12:39:00.000000Z;7;1;
1421;2023-01-28T12:40:00.000000Z;19;1;
1422;2023-01-28T12:41:00.000000Z;11;1;
1423;2023-01-28T12:42:00.000000Z;17;1;
1424;2023-01-28T12:43:00.000000Z;2;1;
1425;2023-01-28T12:44:00.000000Z;10;1;
1426;2023-01-28T12:45:00.000000Z;12;1;
1427;2023-01-28T12:46:00.000000Z;11;1;
1428;2023-01-28T12:47:00.000000Z;8;1;
1429;2023-01-28T12:48:00.000000Z;9;1;
1430;2023-01-28T12:49:00.000000Z;4;1;
1431;2023-01-28T12:50:00.000000Z;4;1;
1432;2023-01-28T12:51:00.000000Z;19;1;
1433;2023-01-28T12:52:00.000000Z;7;1;
1434;2023-01-28T12:53:00.000000Z;2;1;
1435;2023-01-28T12:54:00.000000Z;3;1;
1436;2023-01-28T12:55:00.000000Z;20;1;
1437;2023-01-28T12:56:00.000000Z;19;1;
1438;2023-01-28T12:57:00.000000Z;15;1;
1439;2023-01-28T12:58:00.000000Z;14;1;
1440;2023-01-28T12:59:00.000000Z;6;1;
1441;2023-01-29T09:00:00.000000Z;4;1;
1442;2023-01-29T09:01:00.000000Z;3;1;
1443;2023-01-29T09:02:00.000000Z;4;1;
1444;2023-01-29T09:03:00.000000Z;20;1;
1445;2023-01-29T09:04:00.000000Z;15;1;
1446;2023-01-29T09:05:00.000000Z;12;1;
1447;2023-01-29T09:06:00.000000Z;14;1;
1448;2023-01-29T09:07:00.000000Z;11;1;
1449;2023-01-29T09:08:00.000000Z;10;1;
1450;2023-01-29T09:09:00.000000Z;20;1;
1451;2023-01-29T09:10:00.000000Z;3;1;
1452;2023-01-29T09:11:00.000000Z;12;1;
1453;2023-01-29T09:12:00.000000Z;15;1;
1454;2023-01-29T09:13:00.000000Z;2;1;
1455;2023-01-29T09:14:00.000000Z;10;1;
1456;2023-01-29T09:15:00.000000Z;10;1;
1457;2023-01-29T09:16:00.000000Z;2;1;
1458;2023-01-29T09:17:00.000000Z;15;1;
1459;2023-01-29T09:18:00.000000Z;9;1;
1460;2023-01-29T09:19:00.000000Z;18;1;
1461;2023-01-29T09:20:00.000000Z;14;1;
1462;2023-01-29T09:21:00.000000Z;2;1;
1463;2023-01-29T09:22:00.000000Z;15;1;
1464;2023-01-29T09:23:00.000000Z;9;1;
1465;2023-01-29T09:24:00.000000Z;10;1;
1466;2023-01-29T09:25:00.000000Z;10;1;
1467;2023-01-29T09:26:00.000000Z;4;1;
1468;2023-01-29T09:27:00.000000Z;11;1;
1469;2023-01-29T09:28:00.000000Z;15;1;
1470;2023-01-29T09:29:00.000000Z;11;1;
1471;2023-01-29T09:30:00.000000Z;1;1;
1472;2023-01-29T09:31:00.000000Z;1;1;
1473;2023-01-29T09:32:00.000000Z;18;1;
1474;2023-01-29T09:33:00.000000Z;18;1;
1475;2023-01-29T09:34:00.000000Z;4;1;
1476;2023-01-29T09:35:00.000000Z;2;1;
1477;2023-01-29T09:36:00.000000Z;20;1;
1478;2023-01-29T09:37:00.000000Z;17;1;
1479;2023-01-29T09:38:00.000000Z;20;1;
1480;2023-01-29T09:39:00.000000Z;11;1;
1481;2023-01-29T09:40:00.000000Z;4;1;
1482;2023-01-29T09:41:00.000000Z;20;1;
1483;2023-01-29T09:42:00.000000Z;14;1;
1484;2023-01-29T09:43:00.000000Z;3;1;
1485;2023-01-29T09:44:00.000000Z;12;1;
1486;2023-01-29T09:45:00.000000Z;14;1;
1487;2023-01-29T09:46:00.000000Z;13;1;
1488;2023-01-29T09:47:00.000000Z;6;1;
1489;2023-01-29T09:48:00.000000Z;8;1;
1490;2023-01-29T09:49:00.000000Z;12;1;
1491;2023-01-29T09:50:00.000000Z;3;1;
1492;2023-01-29T09:51:00.000000Z;17;1;
1493;2023-01-29T09:52:00.000000Z;5;1;
1494;2023-01-29T09:53:00.000000Z;20;1;
1495;2023-01-29T09:54:00.000000Z;1;1;
1496;2023-01-29T09:55:00.000000Z;16;1;
1497;2023-01-29T09:56:00.000000Z;12;1;
1498;2023-01-29T09:57:00.000000Z;0;1;
1499;2023-01-29T09:58:00.000000Z;20;1;
1500;2023-01-29T09:59:00.000000Z;6;1;
1501;2023-01-29T10:00:00.000000Z;8;1;
1502;2023-01-29T10:01:00.000000Z;13;1;
1503;2023-01-29T10:02:00.000000Z;2;1;
1504;2023-01-29T10:03:00.000000Z;10;1;
1505;2023-01-29T10:04:00.000000Z;8;1;
1506;2023-01-29T10:05:00.000000Z;5;1;
1507;2023-01-29T10:06:00.000000Z;19;1;
1508;2023-01-29T10:07:00.000000Z;3;1;
1509;2023-01-29T10:08:00.000000Z;10;1;
1510;2023-01-29T10:09:00.000000Z;10;1;
1511;2023-01-29T10:10:00.000000Z;10;1;
1512;2023-01-29T10:11:00.000000Z;14;1;
1513;2023-01-29T10:12:00.000000Z;18;1;
1514;2023-01-29T10:13:00.000000Z;6;1;
1515;2023-01-29T10:14:00.000000Z;19;1;
1516;2023-01-29T10:15:00.000000Z;16;1;
1517;2023-01-29T10:16:00.000000Z;18;1;
1518;2023-01-29T10:17:00.000000Z;13;1;
1519;2023-01-29T10:18:00.000000Z;1;1;
1520;2023-01-29T10:19:00.000000Z;9;1;
1521;2023-01-29T10:20:00.000000Z;13;1;
1522;2023-01-29T10:21:00.000000Z;7;1;
1523;2023-01-29T10:22:00.000000Z;6;1;
1524;2023-01-29T10:23:00.000000Z;3;1;
1525;2023-01-29T10:24:00.000000Z;8;1;
1526;2023-01-29T10:25:00.000000Z;14;1;
1527;2023-01-29T10:26:00.000000Z;9;1;
1528;2023-01-29T10:27:00.000000Z;2;1;
1529;2023-01-29T10:28:00.000000Z;8;1;
1530;2023-01-29T10:29:00.000000Z;9;1;
1531;2023-01-29T10:30:00.000000Z;19;1;
1532;2023-01-29T10:31:00.000000Z;10;1;
1533;2023-01-29T10:32:00.000000Z;12;1;
1534;2023-01-29T10:33:00.000000Z;19;1;
1535;2023-01-29T10:34:00.000000Z;12;1;
1536;2023-01-29T10:35:00.000000Z;20;1;
1537;2023-01-29T10:36:00.000000Z;9;1;
1538;2023-01-29T10:37:00.000000Z;0;1;
1539;2023-01-29T10:38:00.000000Z;0;1;
1540;2023-01-29T10:39:00.000000Z;6;1;
1541;2023-01-29T10:40:00.000000Z;2;1;
1542;2023-01-29T10:41:00.000000Z;2;1;
1543;2023-01-29T10:42:00.000000Z;20;1;
1544;2023-01-29T10:43:00.000000Z;11;1;
1545;2023-01-29T10:44:00.000000Z;8;1;
1546;2023-01-29T10:45:00.000000Z;4;1;
1547;2023-01-29T10:46:00.000000Z;11;1;
1548;2023-01-29T10:47:00.000000Z;9;1;
1549;2023-01-29T10:48:00.000000Z;7;1;
1550;2023-01-29T10:49:00.000000Z;15;1;
1551;2023-01-29T10:50:00.000000Z;0;1;
1552;2023-01-29T10:51:00.000000Z;18;1;
1553;2023-01-29T10:52:00.000000Z;16;1;
1554;2023-01-29T10:53:00.000000Z;20;1;
1555;2023-01-29T10:54:00.000000Z;7;1;
1556;2023-01-29T10:55:00.000000Z;14;1;
1557;2023-01-29T10:56:00.000000Z;5;1;
1558;2023-01-29T10:57:00.000000Z;19;1;
1559;2023-01-29T10:58:00.000000Z;15;1;
1560;2023-01-29T10:59:00.000000Z;13;1;
1561;2023-01-29T11:00:00.000000Z;11;1;
1562;2023-01-29T11:01:00.000000Z;11;1;
1563;2023-01-29T11:02:00.000000Z;10;1;
1564;2023-01-29T11:03:00.000000Z;6;1;
1565;2023-01-29T11:04:00.000000Z;11;1;
1566;2023-01-29T11:05:00.000000Z;0;1;
1567;2023-01-29T11:06:00.000000Z;16;1;
1568;2023-01-29T11:07:00.000000Z;1;1;
1569;2023-01-29T11:08:00.000000Z;13;1;
1570;2023-01-29T11:09:00.000000Z;15;1;
1571;2023-01-29T11:10:00.000000Z;18;1;
1572;2023-01-29T11:11:00.000000Z;11;1;
1573;2023-01-29T11:12:00.000000Z;17;1;
1574;2023-01-29T11:13:00.000000Z;12;1;
1575;2023-01-29T11:14:00.000000Z;19;1;
1576;2023-01-29T11:15:00.000000Z;5;1;
1577;2023-01-29T11:16:00.000000Z;5;1;
1578;2023-01-29T11:17:00.000000Z;12;1;
1579;2023-01-29T11:18:00.000000Z;6;1;
1580;2023-01-29T11:19:00.000000Z;5;1;
1581;2023-01-29T11:20:00.000000Z;16;1;
1582;2023-01-29T11:21:00.000000Z;19;1;
1583;2023-01-29T11:22:00.000000Z;7;1;
1584;2023-01-29T11:23:00.000000Z;19;1;
1585;2023-01-29T11:24:00.000000Z;14;1;
1586;2023-01-29T11:25:00.000000Z;11;1;
1587;2023-01-29T11:26:00.000000Z;17;1;
1588;2023-01-29T11:27:00.000000Z;14;1;
1589;2023-01-29T11:28:00.000000Z;12;1;
1590;2023-01-29T11:29:00.000000Z;12;1;
1591;2023-01-29T11:30:00.000000Z;8;1;
1592;2023-01-29T11:31:00.000000Z;17;1;
1593;2023-01-29T11:32:00.000000Z;4;1;
1594;2023-01-29T11:33:00.000000Z;8;1;
1595;2023-01-29T11:34:00.000000Z;9;1;
1596;2023-01-29T11:35:00.000000Z;17;1;
1597;2023-01-29T11:36:00.000000Z;20;1;
1598;2023-01-29T11:37:00.000000Z;8;1;
1599;2023-01-29T11:38:00.000000Z;5;1;
1600;2023-01-29T11:39:00.000000Z;10;1;
1601;2023-01-29T11:40:00.000000Z;16;1;
1602;2023-01-29T11:41:00.000000Z;17;1;
1603;2023-01-29T11:42:00.000000Z;14;1;
1604;2023-01-29T11:43:00.000000Z;12;1;
1605;2023-01-29T11:44:00.000000Z;4;1;
1606;2023-01-29T11:45:00.000000Z;10;1;
1607;2023-01-29T11:46:00.000000Z;20;1;
1608;2023-01-29T11:47:00.000000Z;5;1;
1609;2023-01-29T11:48:00.000000Z;3;1;
1610;2023-01-29T11:49:00.000000Z;3;1;
1611;2023-01-29T11:50:00.000000Z;20;1;
1612;2023-01-29T11:51:00.000000Z;19;1;
1613;2023-01-29T11:52:00.000000Z;16;1;
1614;2023-01-29T11:53:00.000000Z;16;1;
1615;2023-01-29T11:54:00.000000Z;4;1;
1616;2023-01-29T11:55:00.000000Z;6;1;
1617;2023-01-29T11:56:00.000000Z;2;1;
1618;2023-01-29T11:57:00.000000Z;0;1;
1619;2023-01-29T11:58:00.000000Z;14;1;
1620;2023-01-29T11:59:00.000000Z;17;1;
1621;2023-01-29T12:00:00.000000Z;19;1;
1622;2023-01-29T12:01:00.000000Z;19;1;
1623;2023-01-29T12:02:00.000000Z;15;1;
1624;2023-01-29T12:03:00.000000Z;7;1;
1625;2023-01-29T12:04:00.000000Z;15;1;
1626;2023-01-29T12:05:00.000000Z;11;1;
1627;2023-01-29T12:06:00.000000Z;1;1;
1628;2023-01-29T12:07:00.000000Z;9;1;
1629;2023-01-29T12:08:00.000000Z;10;1;
1630;2023-01-29T12:09:00.000000Z;10;1;
1631;2023-01-29T12:10:00.000000Z;11;1;
1632;2023-01-29T12:11:00.000000Z;2;1;
1633;2023-01-29T12:12:00.000000Z;2;1;
1634;2023-01-29T12:13:00.000000Z;3;1;
1635;2023-01-29T12:14:00.000000Z;17;1;
1636;2023-01-29T12:15:00.000000Z;16;1;
1637;2023-01-29T12:16:00.000000Z;8;1;
1638;2023-01-29T12:17:00.000000Z;1;1;
1639;2023-01-29T12:18:00.000000Z;9;1;
1640;2023-01-29T12:19:00.000000Z;8;1;
1641;2023-01-29T12:20:00.000000Z;0;1;
1642;2023-01-29T12:21:00.000000Z;12;1;
1643;2023-01-29T12:22:00.000000Z;16;1;
1644;2023-01-29T12:23:00.000000Z;15;1;
1645;2023-01-29T12:24:00.000000Z;9;1;
1646;2023-01-29T12:25:00.000000Z;4;1;
1647;2023-01-29T12:26:00.000000Z;19;1;
1648;2023-01-29T12:27:00.000000Z;0;1;
1649;2023-01-29T12:28:00.000000Z;7;1;
1650;2023-01-29T12:29:00.000000Z;15;1;
1651;2023-01-29T12:30:00.000000Z;19;1;
1652;2023-01-29T12:31:00.000000Z;20;1;
1653;2023-01-29T12:32:00.000000Z;1;1;
1654;2023-01-29T12:33:00.000000Z;18;1;
1655;2023-01-29T12:34:00.000000Z;14;1;
1656;2023-01-29T12:35:00.000000Z;13;1;
1657;2023-01-29T12:36:00.000000Z;14;1;
1658;2023-01-29T12:37:00.000000Z;16;1;
1659;2023-01-29T12:38:00.000000Z;0;1;
1660;2023-01-29T12:39:00.000000Z;8;1;
1661;2023-01-29T12:40:00.000000Z;19;1;
1662;2023-01-29T12:41:00.000000Z;18;1;
1663;2023-01-29T12:42:00.000000Z;14;1;
1664;2023-01-29T12:43:00.000000Z;14;1;
1665;2023-01-29T12:44:00.000000Z;8;1;
1666;2023-01-29T12:45:00.000000Z;9;1;
1667;2023-01-29T12:46:00.000000Z;10;1;
1668;2023-01-29T12:47:00.000000Z;4;1;
1669;2023-01-29T12:48:00.000000Z;7;1;
1670;2023-01-29T12:49:00.000000Z;19;1;
1671;2023-01-29T12:50:00.000000Z;14;1;
1672;2023-01-29T12:51:00.000000Z;9;1;
1673;2023-01-29T12:52:00.000000Z;11;1;
1674;2023-01-29T12:53:00.000000Z;6;1;
1675;2023-01-29T12:54:00.000000Z;12;1;
1676;2023-01-29T12:55:00.000000Z;15;1;
1677;2023-01-29T12:56:00.000000Z;13;1;
1678;2023-01-29T12:57:00.000000Z;13;1;
1679;2023-01-29T12:58:00.000000Z;10;1;
1680;2023-01-29T12:59:00.000000Z;16;1;
