ID;date;count;entity_ID;coordinates;weekday;hour
1;2023-01-23T11:00:00.000000Z;17;1;;mon;11
2;2023-01-23T11:01:00.000000Z;2;1;;mon;11
3;2023-01-23T11:02:00.000000Z;14;1;;mon;11
4;2023-01-23T11:03:00.000000Z;19;1;;mon;11
5;2023-01-23T11:04:00.000000Z;17;1;;mon;11
6;2023-01-23T11:05:00.000000Z;18;1;;mon;11
7;2023-01-23T11:06:00.000000Z;9;1;;mon;11
8;2023-01-23T11:07:00.000000Z;9;1;;mon;11
9;2023-01-23T11:08:00.000000Z;0;1;;mon;11
10;2023-01-23T11:09:00.000000Z;0;1;;mon;11
11;2023-01-23T11:10:00.000000Z;11;1;;mon;11
12;2023-01-23T11:11:00.000000Z;14;1;;mon;11
13;2023-01-23T11:12:00.000000Z;17;1;;mon;11
14;2023-01-23T11:13:00.000000Z;2;1;;mon;11
15;2023-01-23T11:14:00.000000Z;4;1;;mon;11
16;2023-01-23T11:15:00.000000Z;15;1;;mon;11
17;2023-01-23T11:16:00.000000Z;3;1;;mon;11
18;2023-01-23T11:17:00.000000Z;6;1;;mon;11
19;2023-01-23T11:18:00.000000Z;7;1;;mon;11
20;2023-01-23T11:19:00.000000Z;20;1;;mon;11
21;2023-01-23T11:20:00.000000Z;4;1;;mon;11
22;2023-01-23T11:21:00.000000Z;15;1;;mon;11
23;2023-01-23T11:22:00.000000Z;20;1;;mon;11
24;2023-01-23T11:23:00.000000Z;10;1;;mon;11
25;2023-01-23T11:24:00.000000Z;10;1;;mon;11
26;2023-01-23T11:25:00.000000Z;12;1;;mon;11
27;2023-01-23T11:26:00.000000Z;11;1;;mon;11
28;2023-01-23T11:27:00.000000Z;11;1;;mon;11
29;2023-01-23T11:28:00.000000Z;8;1;;mon;11
30;2023-01-23T11:29:00.000000Z;1;1;;mon;11
31;2023-01-23T11:30:00.000000Z;2;1;;mon;11
32;2023-01-23T11:31:00.000000Z;9;1;;mon;11
33;2023-01-23T11:32:00.000000Z;0;1;;mon;11
34;2023-01-23T11:33:00.000000Z;14;1;;mon;11
35;2023-01-23T11:34:00.000000Z;10;1;;mon;11
36;2023-01-23T11:35:00.000000Z;12;1;;mon;11
37;2023-01-23T11:36:00.000000Z;0;1;;mon;11
38;2023-01-23T11:37:00.000000Z;7;1;;mon;11
39;2023-01-23T11:38:00.000000Z;16;1;;mon;11
40;2023-01-23T11:39:00.000000Z;0;1;;mon;11
41;2023-01-23T11:40:00.000000Z;7;1;;mon;11
42;2023-01-23T11:41:00.000000Z;13;1;;mon;11
43;2023-01-23T11:42:00.000000Z;15;1;;mon;11
44;2023-01-23T11:43:00.000000Z;8;1;;mon;11
45;2023-01-23T11:44:00.000000Z;0;1;;mon;11
46;2023-01-23T11:45:00.000000Z;7;1;;mon;11
47;2023-01-23T11:46:00.000000Z;16;1;;mon;11
48;2023-01-23T11:47:00.000000Z;5;1;;mon;11
49;2023-01-23T11:48:00.000000Z;0;1;;mon;11
50;2023-01-23T11:49:00.000000Z;2;1;;mon;11
51;2023-01-23T11:50:00.000000Z;19;1;;mon;11
52;2023-01-23T11:51:00.000000Z;4;1;;mon;11
53;2023-01-23T11:52:00.000000Z;2;1;;mon;11
54;2023-01-23T11:53:00.000000Z;20;1;;mon;11
55;2023-01-23T11:54:00.000000Z;5;1;;mon;11
56;2023-01-23T11:55:00.000000Z;6;1;;mon;11
57;2023-01-23T11:56:00.000000Z;17;1;;mon;11
58;2023-01-23T11:57:00.000000Z;20;1;;mon;11
59;2023-01-23T11:58:00.000000Z;7;1;;mon;11
60;2023-01-23T11:59:00.000000Z;3;1;;mon;11
61;2023-01-23T12:00:00.000000Z;18;1;;mon;11
62;2023-01-23T12:01:00.000000Z;10;1;;mon;11
63;2023-01-23T12:02:00.000000Z;8;1;;mon;11
64;2023-01-23T12:03:00.000000Z;19;1;;mon;11
65;2023-01-23T12:04:00.000000Z;13;1;;mon;11
66;2023-01-23T12:05:00.000000Z;1;1;;mon;11
67;2023-01-23T12:06:00.000000Z;13;1;;mon;11
68;2023-01-23T12:07:00.000000Z;2;1;;mon;11
69;2023-01-23T12:08:00.000000Z;11;1;;mon;11
70;2023-01-23T12:09:00.000000Z;20;1;;mon;11
71;2023-01-23T12:10:00.000000Z;13;1;;mon;11
72;2023-01-23T12:11:00.000000Z;19;1;;mon;11
73;2023-01-23T12:12:00.000000Z;1;1;;mon;11
74;2023-01-23T12:13:00.000000Z;17;1;;mon;11
75;2023-01-23T12:14:00.000000Z;1;1;;mon;11
76;2023-01-23T12:15:00.000000Z;19;1;;mon;11
77;2023-01-23T12:16:00.000000Z;19;1;;mon;11
78;2023-01-23T12:17:00.000000Z;19;1;;mon;11
79;2023-01-23T12:18:00.000000Z;7;1;;mon;11
80;2023-01-23T12:19:00.000000Z;8;1;;mon;11
81;2023-01-23T12:20:00.000000Z;11;1;;mon;11
82;2023-01-23T12:21:00.000000Z;5;1;;mon;11
83;2023-01-23T12:22:00.000000Z;8;1;;mon;11
84;2023-01-23T12:23:00.000000Z;6;1;;mon;11
85;2023-01-23T12:24:00.000000Z;9;1;;mon;11
86;2023-01-23T12:25:00.000000Z;15;1;;mon;11
87;2023-01-23T12:26:00.000000Z;2;1;;mon;11
88;2023-01-23T12:27:00.000000Z;1;1;;mon;11
89;2023-01-23T12:28:00.000000Z;6;1;;mon;11
90;2023-01-23T12:29:00.000000Z;9;1;;mon;11
91;2023-01-23T12:30:00.000000Z;11;1;;mon;11
92;2023-01-23T12:31:00.000000Z;11;1;;mon;11
93;2023-01-23T12:32:00.000000Z;5;1;;mon;11
94;2023-01-23T12:33:00.000000Z;18;1;;mon;11
95;2023-01-23T12:34:00.000000Z;13;1;;mon;11
96;2023-01-23T12:35:00.000000Z;5;1;;mon;11
97;2023-01-23T12:36:00.000000Z;16;1;;mon;11
98;2023-01-23T12:37:00.000000Z;17;1;;mon;11
99;2023-01-23T12:38:00.000000Z;4;1;;mon;11
100;2023-01-23T12:39:00.000000Z;8;1;;mon;11
101;2023-01-23T12:40:00.000000Z;6;1;;mon;11
102;2023-01-23T12:41:00.000000Z;10;1;;mon;11
103;2023-01-23T12:42:00.000000Z;0;1;;mon;11
104;2023-01-23T12:43:00.000000Z;11;1;;mon;11
105;2023-01-23T12:44:00.000000Z;12;1;;mon;11
106;2023-01-23T12:45:00.000000Z;3;1;;mon;11
107;2023-01-23T12:46:00.000000Z;12;1;;mon;11
108;2023-01-23T12:47:00.000000Z;17;1;;mon;11
109;2023-01-23T12:48:00.000000Z;11;1;;mon;11
110;2023-01-23T12:49:00.000000Z;10;1;;mon;11
111;2023-01-23T12:50:00.000000Z;1;1;;mon;11
112;2023-01-23T12:51:00.000000Z;18;1;;mon;11
113;2023-01-23T12:52:00.000000Z;16;1;;mon;11
114;2023-01-23T12:53:00.000000Z;6;1;;mon;11
115;2023-01-23T12:54:00.000000Z;13;1;;mon;11
116;2023-01-23T12:55:00.000000Z;15;1;;mon;11
117;2023-01-23T12:56:00.000000Z;14;1;;mon;11
118;2023-01-23T12:57:00.000000Z;1;1;;mon;11
119;2023-01-23T12:58:00.000000Z;9;1;;mon;11
120;2023-01-23T12:59:00.000000Z;15;1;;mon;11
121;2023-01-23T13:00:00.000000Z;3;1;;mon;11
122;2023-01-23T13:01:00.000000Z;19;1;;mon;11
123;2023-01-23T13:02:00.000000Z;10;1;;mon;11
124;2023-01-23T13:03:00.000000Z;9;1;;mon;11
125;2023-01-23T13:04:00.000000Z;0;1;;mon;11
126;2023-01-23T13:05:00.000000Z;9;1;;mon;11
127;2023-01-23T13:06:00.000000Z;12;1;;mon;11
128;2023-01-23T13:07:00.000000Z;14;1;;mon;11
129;2023-01-23T13:08:00.000000Z;20;1;;mon;11
130;2023-01-23T13:09:00.000000Z;17;1;;mon;11
131;2023-01-23T13:10:00.000000Z;5;1;;mon;11
132;2023-01-23T13:11:00.000000Z;10;1;;mon;11
133;2023-01-23T13:12:00.000000Z;10;1;;mon;11
134;2023-01-23T13:13:00.000000Z;7;1;;mon;11
135;2023-01-23T13:14:00.000000Z;20;1;;mon;11
136;2023-01-23T13:15:00.000000Z;20;1;;mon;11
137;2023-01-23T13:16:00.000000Z;9;1;;mon;11
138;2023-01-23T13:17:00.000000Z;15;1;;mon;11
139;2023-01-23T13:18:00.000000Z;20;1;;mon;11
140;2023-01-23T13:19:00.000000Z;9;1;;mon;11
141;2023-01-23T13:20:00.000000Z;15;1;;mon;11
142;2023-01-23T13:21:00.000000Z;14;1;;mon;11
143;2023-01-23T13:22:00.000000Z;11;1;;mon;11
144;2023-01-23T13:23:00.000000Z;5;1;;mon;11
145;2023-01-23T13:24:00.000000Z;19;1;;mon;11
146;2023-01-23T13:25:00.000000Z;0;1;;mon;11
147;2023-01-23T13:26:00.000000Z;0;1;;mon;11
148;2023-01-23T13:27:00.000000Z;8;1;;mon;11
149;2023-01-23T13:28:00.000000Z;14;1;;mon;11
150;2023-01-23T13:29:00.000000Z;6;1;;mon;11
151;2023-01-23T13:30:00.000000Z;7;1;;mon;11
152;2023-01-23T13:31:00.000000Z;9;1;;mon;11
153;2023-01-23T13:32:00.000000Z;0;1;;mon;11
154;2023-01-23T13:33:00.000000Z;18;1;;mon;11
155;2023-01-23T13:34:00.000000Z;7;1;;mon;11
156;2023-01-23T13:35:00.000000Z;19;1;;mon;11
157;2023-01-23T13:36:00.000000Z;16;1;;mon;11
158;2023-01-23T13:37:00.000000Z;10;1;;mon;11
159;2023-01-23T13:38:00.000000Z;9;1;;mon;11
160;2023-01-23T13:39:00.000000Z;12;1;;mon;11
161;2023-01-23T13:40:00.000000Z;14;1;;mon;11
162;2023-01-23T13:41:00.000000Z;4;1;;mon;11
163;2023-01-23T13:42:00.000000Z;0;1;;mon;11
164;2023-01-23T13:43:00.000000Z;2;1;;mon;11
165;2023-01-23T13:44:00.000000Z;4;1;;mon;11
166;2023-01-23T13:45:00.000000Z;17;1;;mon;11
167;2023-01-23T13:46:00.000000Z;10;1;;mon;11
168;2023-01-23T13:47:00.000000Z;14;1;;mon;11
169;2023-01-23T13:48:00.000000Z;12;1;;mon;11
170;2023-01-23T13:49:00.000000Z;17;1;;mon;11
171;2023-01-23T13:50:00.000000Z;11;1;;mon;11
172;2023-01-23T13:51:00.000000Z;12;1;;mon;11
173;2023-01-23T13:52:00.000000Z;11;1;;mon;11
174;2023-01-23T13:53:00.000000Z;5;1;;mon;11
175;2023-01-23T13:54:00.000000Z;16;1;;mon;11
176;2023-01-23T13:55:00.000000Z;16;1;;mon;11
177;2023-01-23T13:56:00.000000Z;14;1;;mon;11
178;2023-01-23T13:57:00.000000Z;2;1;;mon;11
179;2023-01-23T13:58:00.000000Z;10;1;;mon;11
180;2023-01-23T13:59:00.000000Z;3;1;;mon;11
181;2023-01-23T14:00:00.000000Z;12;1;;mon;11
182;2023-01-23T14:01:00.000000Z;5;1;;mon;11
183;2023-01-23T14:02:00.000000Z;20;1;;mon;11
184;2023-01-23T14:03:00.000000Z;14;1;;mon;11
185;2023-01-23T14:04:00.000000Z;17;1;;mon;11
186;2023-01-23T14:05:00.000000Z;14;1;;mon;11
187;2023-01-23T14:06:00.000000Z;15;1;;mon;11
188;2023-01-23T14:07:00.000000Z;16;1;;mon;11
189;2023-01-23T14:08:00.000000Z;0;1;;mon;11
190;2023-01-23T14:09:00.000000Z;4;1;;mon;11
191;2023-01-23T14:10:00.000000Z;6;1;;mon;11
192;2023-01-23T14:11:00.000000Z;20;1;;mon;11
193;2023-01-23T14:12:00.000000Z;2;1;;mon;11
194;2023-01-23T14:13:00.000000Z;9;1;;mon;11
195;2023-01-23T14:14:00.000000Z;10;1;;mon;11
196;2023-01-23T14:15:00.000000Z;16;1;;mon;11
197;2023-01-23T14:16:00.000000Z;20;1;;mon;11
198;2023-01-23T14:17:00.000000Z;8;1;;mon;11
199;2023-01-23T14:18:00.000000Z;3;1;;mon;11
200;2023-01-23T14:19:00.000000Z;1;1;;mon;11
201;2023-01-23T14:20:00.000000Z;16;1;;mon;11
202;2023-01-23T14:21:00.000000Z;18;1;;mon;11
203;2023-01-23T14:22:00.000000Z;4;1;;mon;11
204;2023-01-23T14:23:00.000000Z;18;1;;mon;11
205;2023-01-23T14:24:00.000000Z;0;1;;mon;11
206;2023-01-23T14:25:00.000000Z;1;1;;mon;11
207;2023-01-23T14:26:00.000000Z;4;1;;mon;11
208;2023-01-23T14:27:00.000000Z;17;1;;mon;11
209;2023-01-23T14:28:00.000000Z;19;1;;mon;11
210;2023-01-23T14:29:00.000000Z;7;1;;mon;11
211;2023-01-23T14:30:00.000000Z;3;1;;mon;11
212;2023-01-23T14:31:00.000000Z;4;1;;mon;11
213;2023-01-23T14:32:00.000000Z;4;1;;mon;11
214;2023-01-23T14:33:00.000000Z;6;1;;mon;11
215;2023-01-23T14:34:00.000000Z;11;1;;mon;11
216;2023-01-23T14:35:00.000000Z;5;1;;mon;11
217;2023-01-23T14:36:00.000000Z;12;1;;mon;11
218;2023-01-23T14:37:00.000000Z;1;1;;mon;11
219;2023-01-23T14:38:00.000000Z;20;1;;mon;11
220;2023-01-23T14:39:00.000000Z;0;1;;mon;11
221;2023-01-23T14:40:00.000000Z;16;1;;mon;11
222;2023-01-23T14:41:00.000000Z;3;1;;mon;11
223;2023-01-23T14:42:00.000000Z;13;1;;mon;11
224;2023-01-23T14:43:00.000000Z;10;1;;mon;11
225;2023-01-23T14:44:00.000000Z;3;1;;mon;11
226;2023-01-23T14:45:00.000000Z;19;1;;mon;11
227;2023-01-23T14:46:00.000000Z;13;1;;mon;11
228;2023-01-23T14:47:00.000000Z;15;1;;mon;11
229;2023-01-23T14:48:00.000000Z;19;1;;mon;11
230;2023-01-23T14:49:00.000000Z;7;1;;mon;11
231;2023-01-23T14:50:00.000000Z;14;1;;mon;11
232;2023-01-23T14:51:00.000000Z;1;1;;mon;11
233;2023-01-23T14:52:00.000000Z;2;1;;mon;11
234;2023-01-23T14:53:00.000000Z;8;1;;mon;11
235;2023-01-23T14:54:00.000000Z;15;1;;mon;11
236;2023-01-23T14:55:00.000000Z;14;1;;mon;11
237;2023-01-23T14:56:00.000000Z;7;1;;mon;11
238;2023-01-23T14:57:00.000000Z;5;1;;mon;11
239;2023-01-23T14:58:00.000000Z;7;1;;mon;11
240;2023-01-23T14:59:00.000000Z;10;1;;mon;11
241;2023-01-23T15:00:00.000000Z;3;1;;mon;11
242;2023-01-24T11:00:00.000000Z;8;1;;tue;11
243;2023-01-24T11:01:00.000000Z;20;1;;tue;11
244;2023-01-24T11:02:00.000000Z;10;1;;tue;11
245;2023-01-24T11:03:00.000000Z;8;1;;tue;11
246;2023-01-24T11:04:00.000000Z;11;1;;tue;11
247;2023-01-24T11:05:00.000000Z;7;1;;tue;11
248;2023-01-24T11:06:00.000000Z;11;1;;tue;11
249;2023-01-24T11:07:00.000000Z;13;1;;tue;11
250;2023-01-24T11:08:00.000000Z;8;1;;tue;11
251;2023-01-24T11:09:00.000000Z;1;1;;tue;11
252;2023-01-24T11:10:00.000000Z;3;1;;tue;11
253;2023-01-24T11:11:00.000000Z;15;1;;tue;11
254;2023-01-24T11:12:00.000000Z;8;1;;tue;11
255;2023-01-24T11:13:00.000000Z;3;1;;tue;11
256;2023-01-24T11:14:00.000000Z;14;1;;tue;11
257;2023-01-24T11:15:00.000000Z;1;1;;tue;11
258;2023-01-24T11:16:00.000000Z;5;1;;tue;11
259;2023-01-24T11:17:00.000000Z;13;1;;tue;11
260;2023-01-24T11:18:00.000000Z;15;1;;tue;11
261;2023-01-24T11:19:00.000000Z;7;1;;tue;11
262;2023-01-24T11:20:00.000000Z;16;1;;tue;11
263;2023-01-24T11:21:00.000000Z;19;1;;tue;11
264;2023-01-24T11:22:00.000000Z;11;1;;tue;11
265;2023-01-24T11:23:00.000000Z;0;1;;tue;11
266;2023-01-24T11:24:00.000000Z;11;1;;tue;11
267;2023-01-24T11:25:00.000000Z;16;1;;tue;11
268;2023-01-24T11:26:00.000000Z;14;1;;tue;11
269;2023-01-24T11:27:00.000000Z;3;1;;tue;11
270;2023-01-24T11:28:00.000000Z;19;1;;tue;11
271;2023-01-24T11:29:00.000000Z;4;1;;tue;11
272;2023-01-24T11:30:00.000000Z;10;1;;tue;11
273;2023-01-24T11:31:00.000000Z;14;1;;tue;11
274;2023-01-24T11:32:00.000000Z;16;1;;tue;11
275;2023-01-24T11:33:00.000000Z;0;1;;tue;11
276;2023-01-24T11:34:00.000000Z;7;1;;tue;11
277;2023-01-24T11:35:00.000000Z;11;1;;tue;11
278;2023-01-24T11:36:00.000000Z;11;1;;tue;11
279;2023-01-24T11:37:00.000000Z;5;1;;tue;11
280;2023-01-24T11:38:00.000000Z;2;1;;tue;11
281;2023-01-24T11:39:00.000000Z;19;1;;tue;11
282;2023-01-24T11:40:00.000000Z;15;1;;tue;11
283;2023-01-24T11:41:00.000000Z;10;1;;tue;11
284;2023-01-24T11:42:00.000000Z;20;1;;tue;11
285;2023-01-24T11:43:00.000000Z;14;1;;tue;11
286;2023-01-24T11:44:00.000000Z;20;1;;tue;11
287;2023-01-24T11:45:00.000000Z;8;1;;tue;11
288;2023-01-24T11:46:00.000000Z;6;1;;tue;11
289;2023-01-24T11:47:00.000000Z;10;1;;tue;11
290;2023-01-24T11:48:00.000000Z;20;1;;tue;11
291;2023-01-24T11:49:00.000000Z;17;1;;tue;11
292;2023-01-24T11:50:00.000000Z;12;1;;tue;11
293;2023-01-24T11:51:00.000000Z;7;1;;tue;11
294;2023-01-24T11:52:00.000000Z;9;1;;tue;11
295;2023-01-24T11:53:00.000000Z;3;1;;tue;11
296;2023-01-24T11:54:00.000000Z;10;1;;tue;11
297;2023-01-24T11:55:00.000000Z;17;1;;tue;11
298;2023-01-24T11:56:00.000000Z;3;1;;tue;11
299;2023-01-24T11:57:00.000000Z;8;1;;tue;11
300;2023-01-24T11:58:00.000000Z;12;1;;tue;11
301;2023-01-24T11:59:00.000000Z;13;1;;tue;11
302;2023-01-24T12:00:00.000000Z;12;1;;tue;11
303;2023-01-24T12:01:00.000000Z;1;1;;tue;11
304;2023-01-24T12:02:00.000000Z;5;1;;tue;11
305;2023-01-24T12:03:00.000000Z;8;1;;tue;11
306;2023-01-24T12:04:00.000000Z;2;1;;tue;11
307;2023-01-24T12:05:00.000000Z;4;1;;tue;11
308;2023-01-24T12:06:00.000000Z;3;1;;tue;11
309;2023-01-24T12:07:00.000000Z;9;1;;tue;11
310;2023-01-24T12:08:00.000000Z;3;1;;tue;11
311;2023-01-24T12:09:00.000000Z;3;1;;tue;11
312;2023-01-24T12:10:00.000000Z;1;1;;tue;11
313;2023-01-24T12:11:00.000000Z;3;1;;tue;11
314;2023-01-24T12:12:00.000000Z;16;1;;tue;11
315;2023-01-24T12:13:00.000000Z;3;1;;tue;11
316;2023-01-24T12:14:00.000000Z;19;1;;tue;11
317;2023-01-24T12:15:00.000000Z;15;1;;tue;11
318;2023-01-24T12:16:00.000000Z;6;1;;tue;11
319;2023-01-24T12:17:00.000000Z;10;1;;tue;11
320;2023-01-24T12:18:00.000000Z;4;1;;tue;11
321;2023-01-24T12:19:00.000000Z;13;1;;tue;11
322;2023-01-24T12:20:00.000000Z;16;1;;tue;11
323;2023-01-24T12:21:00.000000Z;1;1;;tue;11
324;2023-01-24T12:22:00.000000Z;14;1;;tue;11
325;2023-01-24T12:23:00.000000Z;3;1;;tue;11
326;2023-01-24T12:24:00.000000Z;0;1;;tue;11
327;2023-01-24T12:25:00.000000Z;19;1;;tue;11
328;2023-01-24T12:26:00.000000Z;0;1;;tue;11
329;2023-01-24T12:27:00.000000Z;16;1;;tue;11
330;2023-01-24T12:28:00.000000Z;4;1;;tue;11
331;2023-01-24T12:29:00.000000Z;3;1;;tue;11
332;2023-01-24T12:30:00.000000Z;18;1;;tue;11
333;2023-01-24T12:31:00.000000Z;2;1;;tue;11
334;2023-01-24T12:32:00.000000Z;10;1;;tue;11
335;2023-01-24T12:33:00.000000Z;20;1;;tue;11
336;2023-01-24T12:34:00.000000Z;13;1;;tue;11
337;2023-01-24T12:35:00.000000Z;3;1;;tue;11
338;2023-01-24T12:36:00.000000Z;20;1;;tue;11
339;2023-01-24T12:37:00.000000Z;3;1;;tue;11
340;2023-01-24T12:38:00.000000Z;0;1;;tue;11
341;2023-01-24T12:39:00.000000Z;15;1;;tue;11
342;2023-01-24T12:40:00.000000Z;8;1;;tue;11
343;2023-01-24T12:41:00.000000Z;6;1;;tue;11
344;2023-01-24T12:42:00.000000Z;11;1;;tue;11
345;2023-01-24T12:43:00.000000Z;4;1;;tue;11
346;2023-01-24T12:44:00.000000Z;4;1;;tue;11
347;2023-01-24T12:45:00.000000Z;16;1;;tue;11
348;2023-01-24T12:46:00.000000Z;8;1;;tue;11
349;2023-01-24T12:47:00.000000Z;20;1;;tue;11
350;2023-01-24T12:48:00.000000Z;18;1;;tue;11
351;2023-01-24T12:49:00.000000Z;9;1;;tue;11
352;2023-01-24T12:50:00.000000Z;20;1;;tue;11
353;2023-01-24T12:51:00.000000Z;2;1;;tue;11
354;2023-01-24T12:52:00.000000Z;4;1;;tue;11
355;2023-01-24T12:53:00.000000Z;6;1;;tue;11
356;2023-01-24T12:54:00.000000Z;18;1;;tue;11
357;2023-01-24T12:55:00.000000Z;15;1;;tue;11
358;2023-01-24T12:56:00.000000Z;3;1;;tue;11
359;2023-01-24T12:57:00.000000Z;8;1;;tue;11
360;2023-01-24T12:58:00.000000Z;1;1;;tue;11
361;2023-01-24T12:59:00.000000Z;3;1;;tue;11
362;2023-01-24T13:00:00.000000Z;1;1;;tue;11
363;2023-01-24T13:01:00.000000Z;15;1;;tue;11
364;2023-01-24T13:02:00.000000Z;13;1;;tue;11
365;2023-01-24T13:03:00.000000Z;1;1;;tue;11
366;2023-01-24T13:04:00.000000Z;12;1;;tue;11
367;2023-01-24T13:05:00.000000Z;20;1;;tue;11
368;2023-01-24T13:06:00.000000Z;8;1;;tue;11
369;2023-01-24T13:07:00.000000Z;18;1;;tue;11
370;2023-01-24T13:08:00.000000Z;5;1;;tue;11
371;2023-01-24T13:09:00.000000Z;0;1;;tue;11
372;2023-01-24T13:10:00.000000Z;2;1;;tue;11
373;2023-01-24T13:11:00.000000Z;19;1;;tue;11
374;2023-01-24T13:12:00.000000Z;14;1;;tue;11
375;2023-01-24T13:13:00.000000Z;11;1;;tue;11
376;2023-01-24T13:14:00.000000Z;11;1;;tue;11
377;2023-01-24T13:15:00.000000Z;16;1;;tue;11
378;2023-01-24T13:16:00.000000Z;7;1;;tue;11
379;2023-01-24T13:17:00.000000Z;12;1;;tue;11
380;2023-01-24T13:18:00.000000Z;4;1;;tue;11
381;2023-01-24T13:19:00.000000Z;5;1;;tue;11
382;2023-01-24T13:20:00.000000Z;9;1;;tue;11
383;2023-01-24T13:21:00.000000Z;17;1;;tue;11
384;2023-01-24T13:22:00.000000Z;20;1;;tue;11
385;2023-01-24T13:23:00.000000Z;13;1;;tue;11
386;2023-01-24T13:24:00.000000Z;2;1;;tue;11
387;2023-01-24T13:25:00.000000Z;9;1;;tue;11
388;2023-01-24T13:26:00.000000Z;9;1;;tue;11
389;2023-01-24T13:27:00.000000Z;14;1;;tue;11
390;2023-01-24T13:28:00.000000Z;7;1;;tue;11
391;2023-01-24T13:29:00.000000Z;20;1;;tue;11
392;2023-01-24T13:30:00.000000Z;18;1;;tue;11
393;2023-01-24T13:31:00.000000Z;4;1;;tue;11
394;2023-01-24T13:32:00.000000Z;12;1;;tue;11
395;2023-01-24T13:33:00.000000Z;16;1;;tue;11
396;2023-01-24T13:34:00.000000Z;12;1;;tue;11
397;2023-01-24T13:35:00.000000Z;0;1;;tue;11
398;2023-01-24T13:36:00.000000Z;0;1;;tue;11
399;2023-01-24T13:37:00.000000Z;14;1;;tue;11
400;2023-01-24T13:38:00.000000Z;12;1;;tue;11
401;2023-01-24T13:39:00.000000Z;6;1;;tue;11
402;2023-01-24T13:40:00.000000Z;7;1;;tue;11
403;2023-01-24T13:41:00.000000Z;13;1;;tue;11
404;2023-01-24T13:42:00.000000Z;11;1;;tue;11
405;2023-01-24T13:43:00.000000Z;2;1;;tue;11
406;2023-01-24T13:44:00.000000Z;1;1;;tue;11
407;2023-01-24T13:45:00.000000Z;2;1;;tue;11
408;2023-01-24T13:46:00.000000Z;16;1;;tue;11
409;2023-01-24T13:47:00.000000Z;17;1;;tue;11
410;2023-01-24T13:48:00.000000Z;18;1;;tue;11
411;2023-01-24T13:49:00.000000Z;16;1;;tue;11
412;2023-01-24T13:50:00.000000Z;10;1;;tue;11
413;2023-01-24T13:51:00.000000Z;3;1;;tue;11
414;2023-01-24T13:52:00.000000Z;10;1;;tue;11
415;2023-01-24T13:53:00.000000Z;18;1;;tue;11
416;2023-01-24T13:54:00.000000Z;2;1;;tue;11
417;2023-01-24T13:55:00.000000Z;5;1;;tue;11
418;2023-01-24T13:56:00.000000Z;13;1;;tue;11
419;2023-01-24T13:57:00.000000Z;4;1;;tue;11
420;2023-01-24T13:58:00.000000Z;14;1;;tue;11
421;2023-01-24T13:59:00.000000Z;6;1;;tue;11
422;2023-01-24T14:00:00.000000Z;19;1;;tue;11
423;2023-01-24T14:01:00.000000Z;6;1;;tue;11
424;2023-01-24T14:02:00.000000Z;14;1;;tue;11
425;2023-01-24T14:03:00.000000Z;6;1;;tue;11
426;2023-01-24T14:04:00.000000Z;18;1;;tue;11
427;2023-01-24T14:05:00.000000Z;1;1;;tue;11
428;2023-01-24T14:06:00.000000Z;16;1;;tue;11
429;2023-01-24T14:07:00.000000Z;18;1;;tue;11
430;2023-01-24T14:08:00.000000Z;17;1;;tue;11
431;2023-01-24T14:09:00.000000Z;19;1;;tue;11
432;2023-01-24T14:10:00.000000Z;5;1;;tue;11
433;2023-01-24T14:11:00.000000Z;13;1;;tue;11
434;2023-01-24T14:12:00.000000Z;10;1;;tue;11
435;2023-01-24T14:13:00.000000Z;2;1;;tue;11
436;2023-01-24T14:14:00.000000Z;16;1;;tue;11
437;2023-01-24T14:15:00.000000Z;9;1;;tue;11
438;2023-01-24T14:16:00.000000Z;16;1;;tue;11
439;2023-01-24T14:17:00.000000Z;2;1;;tue;11
440;2023-01-24T14:18:00.000000Z;11;1;;tue;11
441;2023-01-24T14:19:00.000000Z;3;1;;tue;11
442;2023-01-24T14:20:00.000000Z;9;1;;tue;11
443;2023-01-24T14:21:00.000000Z;12;1;;tue;11
444;2023-01-24T14:22:00.000000Z;8;1;;tue;11
445;2023-01-24T14:23:00.000000Z;10;1;;tue;11
446;2023-01-24T14:24:00.000000Z;7;1;;tue;11
447;2023-01-24T14:25:00.000000Z;4;1;;tue;11
448;2023-01-24T14:26:00.000000Z;19;1;;tue;11
449;2023-01-24T14:27:00.000000Z;5;1;;tue;11
450;2023-01-24T14:28:00.000000Z;9;1;;tue;11
451;2023-01-24T14:29:00.000000Z;0;1;;tue;11
452;2023-01-24T14:30:00.000000Z;11;1;;tue;11
453;2023-01-24T14:31:00.000000Z;10;1;;tue;11
454;2023-01-24T14:32:00.000000Z;9;1;;tue;11
455;2023-01-24T14:33:00.000000Z;1;1;;tue;11
456;2023-01-24T14:34:00.000000Z;0;1;;tue;11
457;2023-01-24T14:35:00.000000Z;2;1;;tue;11
458;2023-01-24T14:36:00.000000Z;8;1;;tue;11
459;2023-01-24T14:37:00.000000Z;1;1;;tue;11
460;2023-01-24T14:38:00.000000Z;5;1;;tue;11
461;2023-01-24T14:39:00.000000Z;2;1;;tue;11
462;2023-01-24T14:40:00.000000Z;4;1;;tue;11
463;2023-01-24T14:41:00.000000Z;11;1;;tue;11
464;2023-01-24T14:42:00.000000Z;9;1;;tue;11
465;2023-01-24T14:43:00.000000Z;7;1;;tue;11
466;2023-01-24T14:44:00.000000Z;12;1;;tue;11
467;2023-01-24T14:45:00.000000Z;7;1;;tue;11
468;2023-01-24T14:46:00.000000Z;9;1;;tue;11
469;2023-01-24T14:47:00.000000Z;18;1;;tue;11
470;2023-01-24T14:48:00.000000Z;14;1;;tue;11
471;2023-01-24T14:49:00.000000Z;9;1;;tue;11
472;2023-01-24T14:50:00.000000Z;9;1;;tue;11
473;2023-01-24T14:51:00.000000Z;7;1;;tue;11
474;2023-01-24T14:52:00.000000Z;13;1;;tue;11
475;2023-01-24T14:53:00.000000Z;9;1;;tue;11
476;2023-01-24T14:54:00.000000Z;9;1;;tue;11
477;2023-01-24T14:55:00.000000Z;15;1;;tue;11
478;2023-01-24T14:56:00.000000Z;19;1;;tue;11
479;2023-01-24T14:57:00.000000Z;5;1;;tue;11
480;2023-01-24T14:58:00.000000Z;5;1;;tue;11
481;2023-01-24T14:59:00.000000Z;4;1;;tue;11
482;2023-01-24T15:00:00.000000Z;11;1;;tue;11
483;2023-01-25T11:00:00.000000Z;20;1;;wed;11
484;2023-01-25T11:01:00.000000Z;8;1;;wed;11
485;2023-01-25T11:02:00.000000Z;10;1;;wed;11
486;2023-01-25T11:03:00.000000Z;14;1;;wed;11
487;2023-01-25T11:04:00.000000Z;11;1;;wed;11
488;2023-01-25T11:05:00.000000Z;1;1;;wed;11
489;2023-01-25T11:06:00.000000Z;7;1;;wed;11
490;2023-01-25T11:07:00.000000Z;19;1;;wed;11
491;2023-01-25T11:08:00.000000Z;14;1;;wed;11
492;2023-01-25T11:09:00.000000Z;18;1;;wed;11
493;2023-01-25T11:10:00.000000Z;5;1;;wed;11
494;2023-01-25T11:11:00.000000Z;5;1;;wed;11
495;2023-01-25T11:12:00.000000Z;0;1;;wed;11
496;2023-01-25T11:13:00.000000Z;6;1;;wed;11
497;2023-01-25T11:14:00.000000Z;12;1;;wed;11
498;2023-01-25T11:15:00.000000Z;2;1;;wed;11
499;2023-01-25T11:16:00.000000Z;7;1;;wed;11
500;2023-01-25T11:17:00.000000Z;1;1;;wed;11
501;2023-01-25T11:18:00.000000Z;16;1;;wed;11
502;2023-01-25T11:19:00.000000Z;19;1;;wed;11
503;2023-01-25T11:20:00.000000Z;19;1;;wed;11
504;2023-01-25T11:21:00.000000Z;2;1;;wed;11
505;2023-01-25T11:22:00.000000Z;18;1;;wed;11
506;2023-01-25T11:23:00.000000Z;19;1;;wed;11
507;2023-01-25T11:24:00.000000Z;16;1;;wed;11
508;2023-01-25T11:25:00.000000Z;13;1;;wed;11
509;2023-01-25T11:26:00.000000Z;19;1;;wed;11
510;2023-01-25T11:27:00.000000Z;17;1;;wed;11
511;2023-01-25T11:28:00.000000Z;20;1;;wed;11
512;2023-01-25T11:29:00.000000Z;4;1;;wed;11
513;2023-01-25T11:30:00.000000Z;20;1;;wed;11
514;2023-01-25T11:31:00.000000Z;5;1;;wed;11
515;2023-01-25T11:32:00.000000Z;7;1;;wed;11
516;2023-01-25T11:33:00.000000Z;4;1;;wed;11
517;2023-01-25T11:34:00.000000Z;7;1;;wed;11
518;2023-01-25T11:35:00.000000Z;11;1;;wed;11
519;2023-01-25T11:36:00.000000Z;2;1;;wed;11
520;2023-01-25T11:37:00.000000Z;9;1;;wed;11
521;2023-01-25T11:38:00.000000Z;20;1;;wed;11
522;2023-01-25T11:39:00.000000Z;19;1;;wed;11
523;2023-01-25T11:40:00.000000Z;15;1;;wed;11
524;2023-01-25T11:41:00.000000Z;0;1;;wed;11
525;2023-01-25T11:42:00.000000Z;1;1;;wed;11
526;2023-01-25T11:43:00.000000Z;19;1;;wed;11
527;2023-01-25T11:44:00.000000Z;6;1;;wed;11
528;2023-01-25T11:45:00.000000Z;17;1;;wed;11
529;2023-01-25T11:46:00.000000Z;1;1;;wed;11
530;2023-01-25T11:47:00.000000Z;2;1;;wed;11
531;2023-01-25T11:48:00.000000Z;20;1;;wed;11
532;2023-01-25T11:49:00.000000Z;13;1;;wed;11
533;2023-01-25T11:50:00.000000Z;10;1;;wed;11
534;2023-01-25T11:51:00.000000Z;5;1;;wed;11
535;2023-01-25T11:52:00.000000Z;19;1;;wed;11
536;2023-01-25T11:53:00.000000Z;18;1;;wed;11
537;2023-01-25T11:54:00.000000Z;15;1;;wed;11
538;2023-01-25T11:55:00.000000Z;9;1;;wed;11
539;2023-01-25T11:56:00.000000Z;11;1;;wed;11
540;2023-01-25T11:57:00.000000Z;12;1;;wed;11
541;2023-01-25T11:58:00.000000Z;19;1;;wed;11
542;2023-01-25T11:59:00.000000Z;1;1;;wed;11
543;2023-01-25T12:00:00.000000Z;7;1;;wed;11
544;2023-01-25T12:01:00.000000Z;1;1;;wed;11
545;2023-01-25T12:02:00.000000Z;16;1;;wed;11
546;2023-01-25T12:03:00.000000Z;13;1;;wed;11
547;2023-01-25T12:04:00.000000Z;8;1;;wed;11
548;2023-01-25T12:05:00.000000Z;12;1;;wed;11
549;2023-01-25T12:06:00.000000Z;4;1;;wed;11
550;2023-01-25T12:07:00.000000Z;19;1;;wed;11
551;2023-01-25T12:08:00.000000Z;3;1;;wed;11
552;2023-01-25T12:09:00.000000Z;18;1;;wed;11
553;2023-01-25T12:10:00.000000Z;11;1;;wed;11
554;2023-01-25T12:11:00.000000Z;14;1;;wed;11
555;2023-01-25T12:12:00.000000Z;10;1;;wed;11
556;2023-01-25T12:13:00.000000Z;0;1;;wed;11
557;2023-01-25T12:14:00.000000Z;15;1;;wed;11
558;2023-01-25T12:15:00.000000Z;3;1;;wed;11
559;2023-01-25T12:16:00.000000Z;19;1;;wed;11
560;2023-01-25T12:17:00.000000Z;14;1;;wed;11
561;2023-01-25T12:18:00.000000Z;5;1;;wed;11
562;2023-01-25T12:19:00.000000Z;3;1;;wed;11
563;2023-01-25T12:20:00.000000Z;10;1;;wed;11
564;2023-01-25T12:21:00.000000Z;20;1;;wed;11
565;2023-01-25T12:22:00.000000Z;14;1;;wed;11
566;2023-01-25T12:23:00.000000Z;18;1;;wed;11
567;2023-01-25T12:24:00.000000Z;19;1;;wed;11
568;2023-01-25T12:25:00.000000Z;10;1;;wed;11
569;2023-01-25T12:26:00.000000Z;16;1;;wed;11
570;2023-01-25T12:27:00.000000Z;0;1;;wed;11
571;2023-01-25T12:28:00.000000Z;3;1;;wed;11
572;2023-01-25T12:29:00.000000Z;11;1;;wed;11
573;2023-01-25T12:30:00.000000Z;15;1;;wed;11
574;2023-01-25T12:31:00.000000Z;5;1;;wed;11
575;2023-01-25T12:32:00.000000Z;8;1;;wed;11
576;2023-01-25T12:33:00.000000Z;5;1;;wed;11
577;2023-01-25T12:34:00.000000Z;5;1;;wed;11
578;2023-01-25T12:35:00.000000Z;2;1;;wed;11
579;2023-01-25T12:36:00.000000Z;18;1;;wed;11
580;2023-01-25T12:37:00.000000Z;19;1;;wed;11
581;2023-01-25T12:38:00.000000Z;12;1;;wed;11
582;2023-01-25T12:39:00.000000Z;19;1;;wed;11
583;2023-01-25T12:40:00.000000Z;14;1;;wed;11
584;2023-01-25T12:41:00.000000Z;11;1;;wed;11
585;2023-01-25T12:42:00.000000Z;18;1;;wed;11
586;2023-01-25T12:43:00.000000Z;10;1;;wed;11
587;2023-01-25T12:44:00.000000Z;0;1;;wed;11
588;2023-01-25T12:45:00.000000Z;9;1;;wed;11
589;2023-01-25T12:46:00.000000Z;6;1;;wed;11
590;2023-01-25T12:47:00.000000Z;12;1;;wed;11
591;2023-01-25T12:48:00.000000Z;5;1;;wed;11
592;2023-01-25T12:49:00.000000Z;16;1;;wed;11
593;2023-01-25T12:50:00.000000Z;20;1;;wed;11
594;2023-01-25T12:51:00.000000Z;7;1;;wed;11
595;2023-01-25T12:52:00.000000Z;0;1;;wed;11
596;2023-01-25T12:53:00.000000Z;10;1;;wed;11
597;2023-01-25T12:54:00.000000Z;6;1;;wed;11
598;2023-01-25T12:55:00.000000Z;0;1;;wed;11
599;2023-01-25T12:56:00.000000Z;20;1;;wed;11
600;2023-01-25T12:57:00.000000Z;17;1;;wed;11
601;2023-01-25T12:58:00.000000Z;11;1;;wed;11
602;2023-01-25T12:59:00.000000Z;17;1;;wed;11
603;2023-01-25T13:00:00.000000Z;19;1;;wed;11
604;2023-01-25T13:01:00.000000Z;9;1;;wed;11
605;2023-01-25T13:02:00.000000Z;17;1;;wed;11
606;2023-01-25T13:03:00.000000Z;8;1;;wed;11
607;2023-01-25T13:04:00.000000Z;10;1;;wed;11
608;2023-01-25T13:05:00.000000Z;2;1;;wed;11
609;2023-01-25T13:06:00.000000Z;6;1;;wed;11
610;2023-01-25T13:07:00.000000Z;14;1;;wed;11
611;2023-01-25T13:08:00.000000Z;9;1;;wed;11
612;2023-01-25T13:09:00.000000Z;4;1;;wed;11
613;2023-01-25T13:10:00.000000Z;17;1;;wed;11
614;2023-01-25T13:11:00.000000Z;14;1;;wed;11
615;2023-01-25T13:12:00.000000Z;9;1;;wed;11
616;2023-01-25T13:13:00.000000Z;10;1;;wed;11
617;2023-01-25T13:14:00.000000Z;14;1;;wed;11
618;2023-01-25T13:15:00.000000Z;7;1;;wed;11
619;2023-01-25T13:16:00.000000Z;7;1;;wed;11
620;2023-01-25T13:17:00.000000Z;4;1;;wed;11
621;2023-01-25T13:18:00.000000Z;20;1;;wed;11
622;2023-01-25T13:19:00.000000Z;7;1;;wed;11
623;2023-01-25T13:20:00.000000Z;12;1;;wed;11
624;2023-01-25T13:21:00.000000Z;17;1;;wed;11
625;2023-01-25T13:22:00.000000Z;20;1;;wed;11
626;2023-01-25T13:23:00.000000Z;14;1;;wed;11
627;2023-01-25T13:24:00.000000Z;8;1;;wed;11
628;2023-01-25T13:25:00.000000Z;8;1;;wed;11
629;2023-01-25T13:26:00.000000Z;4;1;;wed;11
630;2023-01-25T13:27:00.000000Z;2;1;;wed;11
631;2023-01-25T13:28:00.000000Z;15;1;;wed;11
632;2023-01-25T13:29:00.000000Z;7;1;;wed;11
633;2023-01-25T13:30:00.000000Z;9;1;;wed;11
634;2023-01-25T13:31:00.000000Z;8;1;;wed;11
635;2023-01-25T13:32:00.000000Z;7;1;;wed;11
636;2023-01-25T13:33:00.000000Z;8;1;;wed;11
637;2023-01-25T13:34:00.000000Z;3;1;;wed;11
638;2023-01-25T13:35:00.000000Z;14;1;;wed;11
639;2023-01-25T13:36:00.000000Z;6;1;;wed;11
640;2023-01-25T13:37:00.000000Z;14;1;;wed;11
641;2023-01-25T13:38:00.000000Z;6;1;;wed;11
642;2023-01-25T13:39:00.000000Z;16;1;;wed;11
643;2023-01-25T13:40:00.000000Z;0;1;;wed;11
644;2023-01-25T13:41:00.000000Z;10;1;;wed;11
645;2023-01-25T13:42:00.000000Z;9;1;;wed;11
646;2023-01-25T13:43:00.000000Z;17;1;;wed;11
647;2023-01-25T13:44:00.000000Z;10;1;;wed;11
648;2023-01-25T13:45:00.000000Z;18;1;;wed;11
649;2023-01-25T13:46:00.000000Z;3;1;;wed;11
650;2023-01-25T13:47:00.000000Z;15;1;;wed;11
651;2023-01-25T13:48:00.000000Z;13;1;;wed;11
652;2023-01-25T13:49:00.000000Z;9;1;;wed;11
653;2023-01-25T13:50:00.000000Z;15;1;;wed;11
654;2023-01-25T13:51:00.000000Z;7;1;;wed;11
655;2023-01-25T13:52:00.000000Z;10;1;;wed;11
656;2023-01-25T13:53:00.000000Z;15;1;;wed;11
657;2023-01-25T13:54:00.000000Z;3;1;;wed;11
658;2023-01-25T13:55:00.000000Z;9;1;;wed;11
659;2023-01-25T13:56:00.000000Z;7;1;;wed;11
660;2023-01-25T13:57:00.000000Z;8;1;;wed;11
661;2023-01-25T13:58:00.000000Z;16;1;;wed;11
662;2023-01-25T13:59:00.000000Z;16;1;;wed;11
663;2023-01-25T14:00:00.000000Z;3;1;;wed;11
664;2023-01-25T14:01:00.000000Z;4;1;;wed;11
665;2023-01-25T14:02:00.000000Z;1;1;;wed;11
666;2023-01-25T14:03:00.000000Z;11;1;;wed;11
667;2023-01-25T14:04:00.000000Z;7;1;;wed;11
668;2023-01-25T14:05:00.000000Z;4;1;;wed;11
669;2023-01-25T14:06:00.000000Z;0;1;;wed;11
670;2023-01-25T14:07:00.000000Z;20;1;;wed;11
671;2023-01-25T14:08:00.000000Z;7;1;;wed;11
672;2023-01-25T14:09:00.000000Z;9;1;;wed;11
673;2023-01-25T14:10:00.000000Z;18;1;;wed;11
674;2023-01-25T14:11:00.000000Z;9;1;;wed;11
675;2023-01-25T14:12:00.000000Z;1;1;;wed;11
676;2023-01-25T14:13:00.000000Z;13;1;;wed;11
677;2023-01-25T14:14:00.000000Z;16;1;;wed;11
678;2023-01-25T14:15:00.000000Z;17;1;;wed;11
679;2023-01-25T14:16:00.000000Z;3;1;;wed;11
680;2023-01-25T14:17:00.000000Z;12;1;;wed;11
681;2023-01-25T14:18:00.000000Z;6;1;;wed;11
682;2023-01-25T14:19:00.000000Z;14;1;;wed;11
683;2023-01-25T14:20:00.000000Z;4;1;;wed;11
684;2023-01-25T14:21:00.000000Z;10;1;;wed;11
685;2023-01-25T14:22:00.000000Z;1;1;;wed;11
686;2023-01-25T14:23:00.000000Z;17;1;;wed;11
687;2023-01-25T14:24:00.000000Z;2;1;;wed;11
688;2023-01-25T14:25:00.000000Z;14;1;;wed;11
689;2023-01-25T14:26:00.000000Z;2;1;;wed;11
690;2023-01-25T14:27:00.000000Z;9;1;;wed;11
691;2023-01-25T14:28:00.000000Z;6;1;;wed;11
692;2023-01-25T14:29:00.000000Z;4;1;;wed;11
693;2023-01-25T14:30:00.000000Z;4;1;;wed;11
694;2023-01-25T14:31:00.000000Z;13;1;;wed;11
695;2023-01-25T14:32:00.000000Z;17;1;;wed;11
696;2023-01-25T14:33:00.000000Z;14;1;;wed;11
697;2023-01-25T14:34:00.000000Z;16;1;;wed;11
698;2023-01-25T14:35:00.000000Z;20;1;;wed;11
699;2023-01-25T14:36:00.000000Z;20;1;;wed;11
700;2023-01-25T14:37:00.000000Z;3;1;;wed;11
701;2023-01-25T14:38:00.000000Z;13;1;;wed;11
702;2023-01-25T14:39:00.000000Z;4;1;;wed;11
703;2023-01-25T14:40:00.000000Z;17;1;;wed;11
704;2023-01-25T14:41:00.000000Z;8;1;;wed;11
705;2023-01-25T14:42:00.000000Z;14;1;;wed;11
706;2023-01-25T14:43:00.000000Z;7;1;;wed;11
707;2023-01-25T14:44:00.000000Z;1;1;;wed;11
708;2023-01-25T14:45:00.000000Z;6;1;;wed;11
709;2023-01-25T14:46:00.000000Z;5;1;;wed;11
710;2023-01-25T14:47:00.000000Z;2;1;;wed;11
711;2023-01-25T14:48:00.000000Z;19;1;;wed;11
712;2023-01-25T14:49:00.000000Z;9;1;;wed;11
713;2023-01-25T14:50:00.000000Z;6;1;;wed;11
714;2023-01-25T14:51:00.000000Z;17;1;;wed;11
715;2023-01-25T14:52:00.000000Z;1;1;;wed;11
716;2023-01-25T14:53:00.000000Z;3;1;;wed;11
717;2023-01-25T14:54:00.000000Z;19;1;;wed;11
718;2023-01-25T14:55:00.000000Z;10;1;;wed;11
719;2023-01-25T14:56:00.000000Z;15;1;;wed;11
720;2023-01-25T14:57:00.000000Z;10;1;;wed;11
721;2023-01-25T14:58:00.000000Z;18;1;;wed;11
722;2023-01-25T14:59:00.000000Z;6;1;;wed;11
723;2023-01-25T15:00:00.000000Z;18;1;;wed;11
724;2023-01-26T11:00:00.000000Z;4;1;;thu;11
725;2023-01-26T11:01:00.000000Z;2;1;;thu;11
726;2023-01-26T11:02:00.000000Z;14;1;;thu;11
727;2023-01-26T11:03:00.000000Z;8;1;;thu;11
728;2023-01-26T11:04:00.000000Z;15;1;;thu;11
729;2023-01-26T11:05:00.000000Z;0;1;;thu;11
730;2023-01-26T11:06:00.000000Z;3;1;;thu;11
731;2023-01-26T11:07:00.000000Z;8;1;;thu;11
732;2023-01-26T11:08:00.000000Z;18;1;;thu;11
733;2023-01-26T11:09:00.000000Z;3;1;;thu;11
734;2023-01-26T11:10:00.000000Z;3;1;;thu;11
735;2023-01-26T11:11:00.000000Z;14;1;;thu;11
736;2023-01-26T11:12:00.000000Z;2;1;;thu;11
737;2023-01-26T11:13:00.000000Z;5;1;;thu;11
738;2023-01-26T11:14:00.000000Z;2;1;;thu;11
739;2023-01-26T11:15:00.000000Z;2;1;;thu;11
740;2023-01-26T11:16:00.000000Z;3;1;;thu;11
741;2023-01-26T11:17:00.000000Z;9;1;;thu;11
742;2023-01-26T11:18:00.000000Z;1;1;;thu;11
743;2023-01-26T11:19:00.000000Z;13;1;;thu;11
744;2023-01-26T11:20:00.000000Z;19;1;;thu;11
745;2023-01-26T11:21:00.000000Z;16;1;;thu;11
746;2023-01-26T11:22:00.000000Z;13;1;;thu;11
747;2023-01-26T11:23:00.000000Z;17;1;;thu;11
748;2023-01-26T11:24:00.000000Z;0;1;;thu;11
749;2023-01-26T11:25:00.000000Z;0;1;;thu;11
750;2023-01-26T11:26:00.000000Z;13;1;;thu;11
751;2023-01-26T11:27:00.000000Z;5;1;;thu;11
752;2023-01-26T11:28:00.000000Z;19;1;;thu;11
753;2023-01-26T11:29:00.000000Z;6;1;;thu;11
754;2023-01-26T11:30:00.000000Z;1;1;;thu;11
755;2023-01-26T11:31:00.000000Z;17;1;;thu;11
756;2023-01-26T11:32:00.000000Z;2;1;;thu;11
757;2023-01-26T11:33:00.000000Z;11;1;;thu;11
758;2023-01-26T11:34:00.000000Z;16;1;;thu;11
759;2023-01-26T11:35:00.000000Z;3;1;;thu;11
760;2023-01-26T11:36:00.000000Z;10;1;;thu;11
761;2023-01-26T11:37:00.000000Z;17;1;;thu;11
762;2023-01-26T11:38:00.000000Z;19;1;;thu;11
763;2023-01-26T11:39:00.000000Z;6;1;;thu;11
764;2023-01-26T11:40:00.000000Z;15;1;;thu;11
765;2023-01-26T11:41:00.000000Z;11;1;;thu;11
766;2023-01-26T11:42:00.000000Z;2;1;;thu;11
767;2023-01-26T11:43:00.000000Z;1;1;;thu;11
768;2023-01-26T11:44:00.000000Z;4;1;;thu;11
769;2023-01-26T11:45:00.000000Z;20;1;;thu;11
770;2023-01-26T11:46:00.000000Z;9;1;;thu;11
771;2023-01-26T11:47:00.000000Z;18;1;;thu;11
772;2023-01-26T11:48:00.000000Z;13;1;;thu;11
773;2023-01-26T11:49:00.000000Z;12;1;;thu;11
774;2023-01-26T11:50:00.000000Z;17;1;;thu;11
775;2023-01-26T11:51:00.000000Z;9;1;;thu;11
776;2023-01-26T11:52:00.000000Z;2;1;;thu;11
777;2023-01-26T11:53:00.000000Z;9;1;;thu;11
778;2023-01-26T11:54:00.000000Z;12;1;;thu;11
779;2023-01-26T11:55:00.000000Z;12;1;;thu;11
780;2023-01-26T11:56:00.000000Z;8;1;;thu;11
781;2023-01-26T11:57:00.000000Z;4;1;;thu;11
782;2023-01-26T11:58:00.000000Z;9;1;;thu;11
783;2023-01-26T11:59:00.000000Z;2;1;;thu;11
784;2023-01-26T12:00:00.000000Z;18;1;;thu;11
785;2023-01-26T12:01:00.000000Z;9;1;;thu;11
786;2023-01-26T12:02:00.000000Z;8;1;;thu;11
787;2023-01-26T12:03:00.000000Z;13;1;;thu;11
788;2023-01-26T12:04:00.000000Z;6;1;;thu;11
789;2023-01-26T12:05:00.000000Z;15;1;;thu;11
790;2023-01-26T12:06:00.000000Z;7;1;;thu;11
791;2023-01-26T12:07:00.000000Z;19;1;;thu;11
792;2023-01-26T12:08:00.000000Z;7;1;;thu;11
793;2023-01-26T12:09:00.000000Z;3;1;;thu;11
794;2023-01-26T12:10:00.000000Z;18;1;;thu;11
795;2023-01-26T12:11:00.000000Z;11;1;;thu;11
796;2023-01-26T12:12:00.000000Z;20;1;;thu;11
797;2023-01-26T12:13:00.000000Z;11;1;;thu;11
798;2023-01-26T12:14:00.000000Z;11;1;;thu;11
799;2023-01-26T12:15:00.000000Z;11;1;;thu;11
800;2023-01-26T12:16:00.000000Z;19;1;;thu;11
801;2023-01-26T12:17:00.000000Z;19;1;;thu;11
802;2023-01-26T12:18:00.000000Z;0;1;;thu;11
803;2023-01-26T12:19:00.000000Z;7;1;;thu;11
804;2023-01-26T12:20:00.000000Z;18;1;;thu;11
805;2023-01-26T12:21:00.000000Z;18;1;;thu;11
806;2023-01-26T12:22:00.000000Z;16;1;;thu;11
807;2023-01-26T12:23:00.000000Z;19;1;;thu;11
808;2023-01-26T12:24:00.000000Z;20;1;;thu;11
809;2023-01-26T12:25:00.000000Z;7;1;;thu;11
810;2023-01-26T12:26:00.000000Z;19;1;;thu;11
811;2023-01-26T12:27:00.000000Z;7;1;;thu;11
812;2023-01-26T12:28:00.000000Z;16;1;;thu;11
813;2023-01-26T12:29:00.000000Z;4;1;;thu;11
814;2023-01-26T12:30:00.000000Z;17;1;;thu;11
815;2023-01-26T12:31:00.000000Z;14;1;;thu;11
816;2023-01-26T12:32:00.000000Z;16;1;;thu;11
817;2023-01-26T12:33:00.000000Z;9;1;;thu;11
818;2023-01-26T12:34:00.000000Z;3;1;;thu;11
819;2023-01-26T12:35:00.000000Z;4;1;;thu;11
820;2023-01-26T12:36:00.000000Z;15;1;;thu;11
821;2023-01-26T12:37:00.000000Z;8;1;;thu;11
822;2023-01-26T12:38:00.000000Z;5;1;;thu;11
823;2023-01-26T12:39:00.000000Z;10;1;;thu;11
824;2023-01-26T12:40:00.000000Z;12;1;;thu;11
825;2023-01-26T12:41:00.000000Z;9;1;;thu;11
826;2023-01-26T12:42:00.000000Z;3;1;;thu;11
827;2023-01-26T12:43:00.000000Z;6;1;;thu;11
828;2023-01-26T12:44:00.000000Z;2;1;;thu;11
829;2023-01-26T12:45:00.000000Z;0;1;;thu;11
830;2023-01-26T12:46:00.000000Z;14;1;;thu;11
831;2023-01-26T12:47:00.000000Z;10;1;;thu;11
832;2023-01-26T12:48:00.000000Z;18;1;;thu;11
833;2023-01-26T12:49:00.000000Z;16;1;;thu;11
834;2023-01-26T12:50:00.000000Z;12;1;;thu;11
835;2023-01-26T12:51:00.000000Z;6;1;;thu;11
836;2023-01-26T12:52:00.000000Z;15;1;;thu;11
837;2023-01-26T12:53:00.000000Z;14;1;;thu;11
838;2023-01-26T12:54:00.000000Z;7;1;;thu;11
839;2023-01-26T12:55:00.000000Z;18;1;;thu;11
840;2023-01-26T12:56:00.000000Z;3;1;;thu;11
841;2023-01-26T12:57:00.000000Z;3;1;;thu;11
842;2023-01-26T12:58:00.000000Z;5;1;;thu;11
843;2023-01-26T12:59:00.000000Z;9;1;;thu;11
844;2023-01-26T13:00:00.000000Z;6;1;;thu;11
845;2023-01-26T13:01:00.000000Z;5;1;;thu;11
846;2023-01-26T13:02:00.000000Z;16;1;;thu;11
847;2023-01-26T13:03:00.000000Z;9;1;;thu;11
848;2023-01-26T13:04:00.000000Z;11;1;;thu;11
849;2023-01-26T13:05:00.000000Z;13;1;;thu;11
850;2023-01-26T13:06:00.000000Z;18;1;;thu;11
851;2023-01-26T13:07:00.000000Z;4;1;;thu;11
852;2023-01-26T13:08:00.000000Z;11;1;;thu;11
853;2023-01-26T13:09:00.000000Z;19;1;;thu;11
854;2023-01-26T13:10:00.000000Z;11;1;;thu;11
855;2023-01-26T13:11:00.000000Z;9;1;;thu;11
856;2023-01-26T13:12:00.000000Z;15;1;;thu;11
857;2023-01-26T13:13:00.000000Z;1;1;;thu;11
858;2023-01-26T13:14:00.000000Z;17;1;;thu;11
859;2023-01-26T13:15:00.000000Z;17;1;;thu;11
860;2023-01-26T13:16:00.000000Z;2;1;;thu;11
861;2023-01-26T13:17:00.000000Z;20;1;;thu;11
862;2023-01-26T13:18:00.000000Z;19;1;;thu;11
863;2023-01-26T13:19:00.000000Z;5;1;;thu;11
864;2023-01-26T13:20:00.000000Z;18;1;;thu;11
865;2023-01-26T13:21:00.000000Z;7;1;;thu;11
866;2023-01-26T13:22:00.000000Z;14;1;;thu;11
867;2023-01-26T13:23:00.000000Z;0;1;;thu;11
868;2023-01-26T13:24:00.000000Z;14;1;;thu;11
869;2023-01-26T13:25:00.000000Z;7;1;;thu;11
870;2023-01-26T13:26:00.000000Z;13;1;;thu;11
871;2023-01-26T13:27:00.000000Z;8;1;;thu;11
872;2023-01-26T13:28:00.000000Z;18;1;;thu;11
873;2023-01-26T13:29:00.000000Z;19;1;;thu;11
874;2023-01-26T13:30:00.000000Z;0;1;;thu;11
875;2023-01-26T13:31:00.000000Z;20;1;;thu;11
876;2023-01-26T13:32:00.000000Z;0;1;;thu;11
877;2023-01-26T13:33:00.000000Z;16;1;;thu;11
878;2023-01-26T13:34:00.000000Z;12;1;;thu;11
879;2023-01-26T13:35:00.000000Z;6;1;;thu;11
880;2023-01-26T13:36:00.000000Z;18;1;;thu;11
881;2023-01-26T13:37:00.000000Z;1;1;;thu;11
882;2023-01-26T13:38:00.000000Z;15;1;;thu;11
883;2023-01-26T13:39:00.000000Z;20;1;;thu;11
884;2023-01-26T13:40:00.000000Z;3;1;;thu;11
885;2023-01-26T13:41:00.000000Z;11;1;;thu;11
886;2023-01-26T13:42:00.000000Z;0;1;;thu;11
887;2023-01-26T13:43:00.000000Z;17;1;;thu;11
888;2023-01-26T13:44:00.000000Z;2;1;;thu;11
889;2023-01-26T13:45:00.000000Z;4;1;;thu;11
890;2023-01-26T13:46:00.000000Z;17;1;;thu;11
891;2023-01-26T13:47:00.000000Z;18;1;;thu;11
892;2023-01-26T13:48:00.000000Z;8;1;;thu;11
893;2023-01-26T13:49:00.000000Z;17;1;;thu;11
894;2023-01-26T13:50:00.000000Z;20;1;;thu;11
895;2023-01-26T13:51:00.000000Z;20;1;;thu;11
896;2023-01-26T13:52:00.000000Z;0;1;;thu;11
897;2023-01-26T13:53:00.000000Z;1;1;;thu;11
898;2023-01-26T13:54:00.000000Z;15;1;;thu;11
899;2023-01-26T13:55:00.000000Z;12;1;;thu;11
900;2023-01-26T13:56:00.000000Z;18;1;;thu;11
901;2023-01-26T13:57:00.000000Z;11;1;;thu;11
902;2023-01-26T13:58:00.000000Z;0;1;;thu;11
903;2023-01-26T13:59:00.000000Z;17;1;;thu;11
904;2023-01-26T14:00:00.000000Z;6;1;;thu;11
905;2023-01-26T14:01:00.000000Z;14;1;;thu;11
906;2023-01-26T14:02:00.000000Z;12;1;;thu;11
907;2023-01-26T14:03:00.000000Z;6;1;;thu;11
908;2023-01-26T14:04:00.000000Z;12;1;;thu;11
909;2023-01-26T14:05:00.000000Z;14;1;;thu;11
910;2023-01-26T14:06:00.000000Z;16;1;;thu;11
911;2023-01-26T14:07:00.000000Z;15;1;;thu;11
912;2023-01-26T14:08:00.000000Z;2;1;;thu;11
913;2023-01-26T14:09:00.000000Z;14;1;;thu;11
914;2023-01-26T14:10:00.000000Z;10;1;;thu;11
915;2023-01-26T14:11:00.000000Z;15;1;;thu;11
916;2023-01-26T14:12:00.000000Z;8;1;;thu;11
917;2023-01-26T14:13:00.000000Z;4;1;;thu;11
918;2023-01-26T14:14:00.000000Z;2;1;;thu;11
919;2023-01-26T14:15:00.000000Z;3;1;;thu;11
920;2023-01-26T14:16:00.000000Z;17;1;;thu;11
921;2023-01-26T14:17:00.000000Z;15;1;;thu;11
922;2023-01-26T14:18:00.000000Z;20;1;;thu;11
923;2023-01-26T14:19:00.000000Z;2;1;;thu;11
924;2023-01-26T14:20:00.000000Z;18;1;;thu;11
925;2023-01-26T14:21:00.000000Z;9;1;;thu;11
926;2023-01-26T14:22:00.000000Z;2;1;;thu;11
927;2023-01-26T14:23:00.000000Z;20;1;;thu;11
928;2023-01-26T14:24:00.000000Z;5;1;;thu;11
929;2023-01-26T14:25:00.000000Z;15;1;;thu;11
930;2023-01-26T14:26:00.000000Z;14;1;;thu;11
931;2023-01-26T14:27:00.000000Z;16;1;;thu;11
932;2023-01-26T14:28:00.000000Z;3;1;;thu;11
933;2023-01-26T14:29:00.000000Z;11;1;;thu;11
934;2023-01-26T14:30:00.000000Z;6;1;;thu;11
935;2023-01-26T14:31:00.000000Z;15;1;;thu;11
936;2023-01-26T14:32:00.000000Z;7;1;;thu;11
937;2023-01-26T14:33:00.000000Z;4;1;;thu;11
938;2023-01-26T14:34:00.000000Z;10;1;;thu;11
939;2023-01-26T14:35:00.000000Z;3;1;;thu;11
940;2023-01-26T14:36:00.000000Z;0;1;;thu;11
941;2023-01-26T14:37:00.000000Z;18;1;;thu;11
942;2023-01-26T14:38:00.000000Z;0;1;;thu;11
943;2023-01-26T14:39:00.000000Z;10;1;;thu;11
944;2023-01-26T14:40:00.000000Z;17;1;;thu;11
945;2023-01-26T14:41:00.000000Z;13;1;;thu;11
946;2023-01-26T14:42:00.000000Z;18;1;;thu;11
947;2023-01-26T14:43:00.000000Z;15;1;;thu;11
948;2023-01-26T14:44:00.000000Z;8;1;;thu;11
949;2023-01-26T14:45:00.000000Z;18;1;;thu;11
950;2023-01-26T14:46:00.000000Z;16;1;;thu;11
951;2023-01-26T14:47:00.000000Z;17;1;;thu;11
952;2023-01-26T14:48:00.000000Z;16;1;;thu;11
953;2023-01-26T14:49:00.000000Z;3;1;;thu;11
954;2023-01-26T14:50:00.000000Z;3;1;;thu;11
955;2023-01-26T14:51:00.000000Z;15;1;;thu;11
956;2023-01-26T14:52:00.000000Z;4;1;;thu;11
957;2023-01-26T14:53:00.000000Z;19;1;;thu;11
958;2023-01-26T14:54:00.000000Z;15;1;;thu;11
959;2023-01-26T14:55:00.000000Z;7;1;;thu;11
960;2023-01-26T14:56:00.000000Z;11;1;;thu;11
961;2023-01-26T14:57:00.000000Z;11;1;;thu;11
962;2023-01-26T14:58:00.000000Z;15;1;;thu;11
963;2023-01-26T14:59:00.000000Z;18;1;;thu;11
964;2023-01-26T15:00:00.000000Z;2;1;;thu;11
965;2023-01-27T11:00:00.000000Z;12;1;;fri;11
966;2023-01-27T11:01:00.000000Z;3;1;;fri;11
967;2023-01-27T11:02:00.000000Z;9;1;;fri;11
968;2023-01-27T11:03:00.000000Z;10;1;;fri;11
969;2023-01-27T11:04:00.000000Z;17;1;;fri;11
970;2023-01-27T11:05:00.000000Z;4;1;;fri;11
971;2023-01-27T11:06:00.000000Z;6;1;;fri;11
972;2023-01-27T11:07:00.000000Z;20;1;;fri;11
973;2023-01-27T11:08:00.000000Z;6;1;;fri;11
974;2023-01-27T11:09:00.000000Z;5;1;;fri;11
975;2023-01-27T11:10:00.000000Z;14;1;;fri;11
976;2023-01-27T11:11:00.000000Z;20;1;;fri;11
977;2023-01-27T11:12:00.000000Z;1;1;;fri;11
978;2023-01-27T11:13:00.000000Z;14;1;;fri;11
979;2023-01-27T11:14:00.000000Z;9;1;;fri;11
980;2023-01-27T11:15:00.000000Z;15;1;;fri;11
981;2023-01-27T11:16:00.000000Z;0;1;;fri;11
982;2023-01-27T11:17:00.000000Z;16;1;;fri;11
983;2023-01-27T11:18:00.000000Z;8;1;;fri;11
984;2023-01-27T11:19:00.000000Z;18;1;;fri;11
985;2023-01-27T11:20:00.000000Z;0;1;;fri;11
986;2023-01-27T11:21:00.000000Z;2;1;;fri;11
987;2023-01-27T11:22:00.000000Z;1;1;;fri;11
988;2023-01-27T11:23:00.000000Z;3;1;;fri;11
989;2023-01-27T11:24:00.000000Z;20;1;;fri;11
990;2023-01-27T11:25:00.000000Z;17;1;;fri;11
991;2023-01-27T11:26:00.000000Z;14;1;;fri;11
992;2023-01-27T11:27:00.000000Z;15;1;;fri;11
993;2023-01-27T11:28:00.000000Z;4;1;;fri;11
994;2023-01-27T11:29:00.000000Z;10;1;;fri;11
995;2023-01-27T11:30:00.000000Z;13;1;;fri;11
996;2023-01-27T11:31:00.000000Z;2;1;;fri;11
997;2023-01-27T11:32:00.000000Z;15;1;;fri;11
998;2023-01-27T11:33:00.000000Z;2;1;;fri;11
999;2023-01-27T11:34:00.000000Z;7;1;;fri;11
1000;2023-01-27T11:35:00.000000Z;13;1;;fri;11
1001;2023-01-27T11:36:00.000000Z;5;1;;fri;11
1002;2023-01-27T11:37:00.000000Z;11;1;;fri;11
1003;2023-01-27T11:38:00.000000Z;13;1;;fri;11
1004;2023-01-27T11:39:00.000000Z;6;1;;fri;11
1005;2023-01-27T11:40:00.000000Z;1;1;;fri;11
1006;2023-01-27T11:41:00.000000Z;13;1;;fri;11
1007;2023-01-27T11:42:00.000000Z;18;1;;fri;11
1008;2023-01-27T11:43:00.000000Z;0;1;;fri;11
1009;2023-01-27T11:44:00.000000Z;9;1;;fri;11
1010;2023-01-27T11:45:00.000000Z;12;1;;fri;11
1011;2023-01-27T11:46:00.000000Z;15;1;;fri;11
1012;2023-01-27T11:47:00.000000Z;5;1;;fri;11
1013;2023-01-27T11:48:00.000000Z;17;1;;fri;11
1014;2023-01-27T11:49:00.000000Z;12;1;;fri;11
1015;2023-01-27T11:50:00.000000Z;14;1;;fri;11
1016;2023-01-27T11:51:00.000000Z;14;1;;fri;11
1017;2023-01-27T11:52:00.000000Z;3;1;;fri;11
1018;2023-01-27T11:53:00.000000Z;1;1;;fri;11
1019;2023-01-27T11:54:00.000000Z;9;1;;fri;11
1020;2023-01-27T11:55:00.000000Z;15;1;;fri;11
1021;2023-01-27T11:56:00.000000Z;16;1;;fri;11
1022;2023-01-27T11:57:00.000000Z;15;1;;fri;11
1023;2023-01-27T11:58:00.000000Z;15;1;;fri;11
1024;2023-01-27T11:59:00.000000Z;7;1;;fri;11
1025;2023-01-27T12:00:00.000000Z;7;1;;fri;11
1026;2023-01-27T12:01:00.000000Z;7;1;;fri;11
1027;2023-01-27T12:02:00.000000Z;3;1;;fri;11
1028;2023-01-27T12:03:00.000000Z;1;1;;fri;11
1029;2023-01-27T12:04:00.000000Z;17;1;;fri;11
1030;2023-01-27T12:05:00.000000Z;1;1;;fri;11
1031;2023-01-27T12:06:00.000000Z;20;1;;fri;11
1032;2023-01-27T12:07:00.000000Z;12;1;;fri;11
1033;2023-01-27T12:08:00.000000Z;15;1;;fri;11
1034;2023-01-27T12:09:00.000000Z;12;1;;fri;11
1035;2023-01-27T12:10:00.000000Z;19;1;;fri;11
1036;2023-01-27T12:11:00.000000Z;3;1;;fri;11
1037;2023-01-27T12:12:00.000000Z;8;1;;fri;11
1038;2023-01-27T12:13:00.000000Z;14;1;;fri;11
1039;2023-01-27T12:14:00.000000Z;2;1;;fri;11
1040;2023-01-27T12:15:00.000000Z;9;1;;fri;11
1041;2023-01-27T12:16:00.000000Z;10;1;;fri;11
1042;2023-01-27T12:17:00.000000Z;10;1;;fri;11
1043;2023-01-27T12:18:00.000000Z;9;1;;fri;11
1044;2023-01-27T12:19:00.000000Z;14;1;;fri;11
1045;2023-01-27T12:20:00.000000Z;8;1;;fri;11
1046;2023-01-27T12:21:00.000000Z;15;1;;fri;11
1047;2023-01-27T12:22:00.000000Z;2;1;;fri;11
1048;2023-01-27T12:23:00.000000Z;0;1;;fri;11
1049;2023-01-27T12:24:00.000000Z;5;1;;fri;11
1050;2023-01-27T12:25:00.000000Z;17;1;;fri;11
1051;2023-01-27T12:26:00.000000Z;12;1;;fri;11
1052;2023-01-27T12:27:00.000000Z;12;1;;fri;11
1053;2023-01-27T12:28:00.000000Z;11;1;;fri;11
1054;2023-01-27T12:29:00.000000Z;3;1;;fri;11
1055;2023-01-27T12:30:00.000000Z;9;1;;fri;11
1056;2023-01-27T12:31:00.000000Z;7;1;;fri;11
1057;2023-01-27T12:32:00.000000Z;14;1;;fri;11
1058;2023-01-27T12:33:00.000000Z;14;1;;fri;11
1059;2023-01-27T12:34:00.000000Z;13;1;;fri;11
1060;2023-01-27T12:35:00.000000Z;2;1;;fri;11
1061;2023-01-27T12:36:00.000000Z;8;1;;fri;11
1062;2023-01-27T12:37:00.000000Z;20;1;;fri;11
1063;2023-01-27T12:38:00.000000Z;14;1;;fri;11
1064;2023-01-27T12:39:00.000000Z;4;1;;fri;11
1065;2023-01-27T12:40:00.000000Z;3;1;;fri;11
1066;2023-01-27T12:41:00.000000Z;14;1;;fri;11
1067;2023-01-27T12:42:00.000000Z;19;1;;fri;11
1068;2023-01-27T12:43:00.000000Z;1;1;;fri;11
1069;2023-01-27T12:44:00.000000Z;19;1;;fri;11
1070;2023-01-27T12:45:00.000000Z;2;1;;fri;11
1071;2023-01-27T12:46:00.000000Z;11;1;;fri;11
1072;2023-01-27T12:47:00.000000Z;12;1;;fri;11
1073;2023-01-27T12:48:00.000000Z;3;1;;fri;11
1074;2023-01-27T12:49:00.000000Z;10;1;;fri;11
1075;2023-01-27T12:50:00.000000Z;10;1;;fri;11
1076;2023-01-27T12:51:00.000000Z;8;1;;fri;11
1077;2023-01-27T12:52:00.000000Z;20;1;;fri;11
1078;2023-01-27T12:53:00.000000Z;17;1;;fri;11
1079;2023-01-27T12:54:00.000000Z;1;1;;fri;11
1080;2023-01-27T12:55:00.000000Z;0;1;;fri;11
1081;2023-01-27T12:56:00.000000Z;1;1;;fri;11
1082;2023-01-27T12:57:00.000000Z;10;1;;fri;11
1083;2023-01-27T12:58:00.000000Z;9;1;;fri;11
1084;2023-01-27T12:59:00.000000Z;0;1;;fri;11
1085;2023-01-27T13:00:00.000000Z;11;1;;fri;11
1086;2023-01-27T13:01:00.000000Z;10;1;;fri;11
1087;2023-01-27T13:02:00.000000Z;20;1;;fri;11
1088;2023-01-27T13:03:00.000000Z;3;1;;fri;11
1089;2023-01-27T13:04:00.000000Z;19;1;;fri;11
1090;2023-01-27T13:05:00.000000Z;15;1;;fri;11
1091;2023-01-27T13:06:00.000000Z;0;1;;fri;11
1092;2023-01-27T13:07:00.000000Z;12;1;;fri;11
1093;2023-01-27T13:08:00.000000Z;6;1;;fri;11
1094;2023-01-27T13:09:00.000000Z;6;1;;fri;11
1095;2023-01-27T13:10:00.000000Z;7;1;;fri;11
1096;2023-01-27T13:11:00.000000Z;5;1;;fri;11
1097;2023-01-27T13:12:00.000000Z;14;1;;fri;11
1098;2023-01-27T13:13:00.000000Z;1;1;;fri;11
1099;2023-01-27T13:14:00.000000Z;19;1;;fri;11
1100;2023-01-27T13:15:00.000000Z;19;1;;fri;11
1101;2023-01-27T13:16:00.000000Z;10;1;;fri;11
1102;2023-01-27T13:17:00.000000Z;16;1;;fri;11
1103;2023-01-27T13:18:00.000000Z;12;1;;fri;11
1104;2023-01-27T13:19:00.000000Z;4;1;;fri;11
1105;2023-01-27T13:20:00.000000Z;18;1;;fri;11
1106;2023-01-27T13:21:00.000000Z;0;1;;fri;11
1107;2023-01-27T13:22:00.000000Z;15;1;;fri;11
1108;2023-01-27T13:23:00.000000Z;1;1;;fri;11
1109;2023-01-27T13:24:00.000000Z;12;1;;fri;11
1110;2023-01-27T13:25:00.000000Z;15;1;;fri;11
1111;2023-01-27T13:26:00.000000Z;4;1;;fri;11
1112;2023-01-27T13:27:00.000000Z;19;1;;fri;11
1113;2023-01-27T13:28:00.000000Z;14;1;;fri;11
1114;2023-01-27T13:29:00.000000Z;10;1;;fri;11
1115;2023-01-27T13:30:00.000000Z;20;1;;fri;11
1116;2023-01-27T13:31:00.000000Z;10;1;;fri;11
1117;2023-01-27T13:32:00.000000Z;3;1;;fri;11
1118;2023-01-27T13:33:00.000000Z;0;1;;fri;11
1119;2023-01-27T13:34:00.000000Z;11;1;;fri;11
1120;2023-01-27T13:35:00.000000Z;9;1;;fri;11
1121;2023-01-27T13:36:00.000000Z;12;1;;fri;11
1122;2023-01-27T13:37:00.000000Z;0;1;;fri;11
1123;2023-01-27T13:38:00.000000Z;11;1;;fri;11
1124;2023-01-27T13:39:00.000000Z;17;1;;fri;11
1125;2023-01-27T13:40:00.000000Z;14;1;;fri;11
1126;2023-01-27T13:41:00.000000Z;1;1;;fri;11
1127;2023-01-27T13:42:00.000000Z;7;1;;fri;11
1128;2023-01-27T13:43:00.000000Z;0;1;;fri;11
1129;2023-01-27T13:44:00.000000Z;20;1;;fri;11
1130;2023-01-27T13:45:00.000000Z;20;1;;fri;11
1131;2023-01-27T13:46:00.000000Z;3;1;;fri;11
1132;2023-01-27T13:47:00.000000Z;9;1;;fri;11
1133;2023-01-27T13:48:00.000000Z;19;1;;fri;11
1134;2023-01-27T13:49:00.000000Z;4;1;;fri;11
1135;2023-01-27T13:50:00.000000Z;11;1;;fri;11
1136;2023-01-27T13:51:00.000000Z;1;1;;fri;11
1137;2023-01-27T13:52:00.000000Z;4;1;;fri;11
1138;2023-01-27T13:53:00.000000Z;10;1;;fri;11
1139;2023-01-27T13:54:00.000000Z;16;1;;fri;11
1140;2023-01-27T13:55:00.000000Z;9;1;;fri;11
1141;2023-01-27T13:56:00.000000Z;16;1;;fri;11
1142;2023-01-27T13:57:00.000000Z;12;1;;fri;11
1143;2023-01-27T13:58:00.000000Z;16;1;;fri;11
1144;2023-01-27T13:59:00.000000Z;18;1;;fri;11
1145;2023-01-27T14:00:00.000000Z;15;1;;fri;11
1146;2023-01-27T14:01:00.000000Z;19;1;;fri;11
1147;2023-01-27T14:02:00.000000Z;13;1;;fri;11
1148;2023-01-27T14:03:00.000000Z;9;1;;fri;11
1149;2023-01-27T14:04:00.000000Z;6;1;;fri;11
1150;2023-01-27T14:05:00.000000Z;1;1;;fri;11
1151;2023-01-27T14:06:00.000000Z;10;1;;fri;11
1152;2023-01-27T14:07:00.000000Z;13;1;;fri;11
1153;2023-01-27T14:08:00.000000Z;18;1;;fri;11
1154;2023-01-27T14:09:00.000000Z;18;1;;fri;11
1155;2023-01-27T14:10:00.000000Z;1;1;;fri;11
1156;2023-01-27T14:11:00.000000Z;2;1;;fri;11
1157;2023-01-27T14:12:00.000000Z;17;1;;fri;11
1158;2023-01-27T14:13:00.000000Z;17;1;;fri;11
1159;2023-01-27T14:14:00.000000Z;16;1;;fri;11
1160;2023-01-27T14:15:00.000000Z;15;1;;fri;11
1161;2023-01-27T14:16:00.000000Z;14;1;;fri;11
1162;2023-01-27T14:17:00.000000Z;20;1;;fri;11
1163;2023-01-27T14:18:00.000000Z;17;1;;fri;11
1164;2023-01-27T14:19:00.000000Z;16;1;;fri;11
1165;2023-01-27T14:20:00.000000Z;13;1;;fri;11
1166;2023-01-27T14:21:00.000000Z;0;1;;fri;11
1167;2023-01-27T14:22:00.000000Z;2;1;;fri;11
1168;2023-01-27T14:23:00.000000Z;10;1;;fri;11
1169;2023-01-27T14:24:00.000000Z;2;1;;fri;11
1170;2023-01-27T14:25:00.000000Z;19;1;;fri;11
1171;2023-01-27T14:26:00.000000Z;19;1;;fri;11
1172;2023-01-27T14:27:00.000000Z;0;1;;fri;11
1173;2023-01-27T14:28:00.000000Z;13;1;;fri;11
1174;2023-01-27T14:29:00.000000Z;11;1;;fri;11
1175;2023-01-27T14:30:00.000000Z;12;1;;fri;11
1176;2023-01-27T14:31:00.000000Z;13;1;;fri;11
1177;2023-01-27T14:32:00.000000Z;0;1;;fri;11
1178;2023-01-27T14:33:00.000000Z;19;1;;fri;11
1179;2023-01-27T14:34:00.000000Z;3;1;;fri;11
1180;2023-01-27T14:35:00.000000Z;20;1;;fri;11
1181;2023-01-27T14:36:00.000000Z;17;1;;fri;11
1182;2023-01-27T14:37:00.000000Z;8;1;;fri;11
1183;2023-01-27T14:38:00.000000Z;16;1;;fri;11
1184;2023-01-27T14:39:00.000000Z;18;1;;fri;11
1185;2023-01-27T14:40:00.000000Z;6;1;;fri;11
1186;2023-01-27T14:41:00.000000Z;20;1;;fri;11
1187;2023-01-27T14:42:00.000000Z;8;1;;fri;11
1188;2023-01-27T14:43:00.000000Z;7;1;;fri;11
1189;2023-01-27T14:44:00.000000Z;20;1;;fri;11
1190;2023-01-27T14:45:00.000000Z;10;1;;fri;11
1191;2023-01-27T14:46:00.000000Z;3;1;;fri;11
1192;2023-01-27T14:47:00.000000Z;19;1;;fri;11
1193;2023-01-27T14:48:00.000000Z;5;1;;fri;11
1194;2023-01-27T14:49:00.000000Z;5;1;;fri;11
1195;2023-01-27T14:50:00.000000Z;20;1;;fri;11
1196;2023-01-27T14:51:00.000000Z;17;1;;fri;11
1197;2023-01-27T14:52:00.000000Z;15;1;;fri;11
1198;2023-01-27T14:53:00.000000Z;14;1;;fri;11
1199;2023-01-27T14:54:00.000000Z;5;1;;fri;11
1200;2023-01-27T14:55:00.000000Z;8;1;;fri;11
1201;2023-01-27T14:56:00.000000Z;17;1;;fri;11
1202;2023-01-27T14:57:00.000000Z;6;1;;fri;11
1203;2023-01-27T14:58:00.000000Z;20;1;;fri;11
1204;2023-01-27T14:59:00.000000Z;11;1;;fri;11
1205;2023-01-27T15:00:00.000000Z;18;1;;fri;11
